Date,Close,PriceDiff
2014-12-31,62.58,
2015-01-02,62.49,-0.0899999999999963
2015-01-05,60.55,-1.9400000000000048
2015-01-06,58.98,-1.5700000000000003
2015-01-07,59.07,0.09000000000000341
2015-01-08,60.39,1.3200000000000003
2015-01-09,59.34,-1.0499999999999972
2015-01-12,58.83,-0.5100000000000051
2015-01-13,58.84,0.010000000000005116
2015-01-14,56.81,-2.030000000000001
2015-01-15,54.99,-1.8200000000000003
2015-01-16,55.93,0.9399999999999977
2015-01-20,55.71,-0.21999999999999886
2015-01-21,55.89,0.17999999999999972
2015-01-22,57.59,1.7000000000000028
2015-01-23,56.68,-0.9100000000000037
2015-01-26,56.77,0.09000000000000341
2015-01-27,56.2,-0.5700000000000003
2015-01-28,54.75,-1.4500000000000028
2015-01-29,55.67,0.9200000000000017
2015-01-30,54.38,-1.2899999999999991
2015-02-02,55.47,1.0899999999999963
2015-02-03,56.72,1.25
2015-02-04,56.38,-0.3399999999999963
2015-02-05,56.77,0.39000000000000057
2015-02-06,57.89,1.1199999999999974
2015-02-09,57.82,-0.07000000000000028
2015-02-10,58.46,0.6400000000000006
2015-02-11,58.37,-0.09000000000000341
2015-02-12,59.57,1.2000000000000028
2015-02-13,59.67,0.10000000000000142
2015-02-17,60.1,0.4299999999999997
2015-02-18,59.37,-0.730000000000004
2015-02-19,59.23,-0.14000000000000057
2015-02-20,59.8,0.5700000000000003
2015-02-23,59.35,-0.44999999999999574
2015-02-24,60.82,1.4699999999999989
2015-02-25,61.14,0.3200000000000003
2015-02-26,61.58,0.4399999999999977
2015-02-27,61.28,-0.29999999999999716
2015-03-02,61.77,0.490000000000002
2015-03-03,61.97,0.19999999999999574
2015-03-04,62.13,0.1600000000000037
2015-03-05,62.0,-0.13000000000000256
2015-03-06,60.89,-1.1099999999999994
2015-03-09,61.5,0.6099999999999994
2015-03-10,59.96,-1.5399999999999991
2015-03-11,60.24,0.28000000000000114
2015-03-12,61.37,1.1299999999999955
2015-03-13,61.0,-0.36999999999999744
2015-03-16,61.85,0.8500000000000014
2015-03-17,61.61,-0.240000000000002
2015-03-18,61.75,0.14000000000000057
2015-03-19,61.2,-0.5499999999999972
2015-03-20,61.75,0.5499999999999972
2015-03-23,61.14,-0.6099999999999994
2015-03-24,60.46,-0.6799999999999997
2015-03-25,59.61,-0.8500000000000014
2015-03-26,59.54,-0.07000000000000028
2015-03-27,59.55,0.00999999999999801
2015-03-30,60.96,1.4100000000000037
2015-03-31,60.58,-0.38000000000000256
2015-04-01,59.95,-0.6299999999999955
2015-04-02,60.52,0.5700000000000003
2015-04-06,60.47,-0.05000000000000426
2015-04-07,60.85,0.38000000000000256
2015-04-08,61.05,0.19999999999999574
2015-04-09,61.47,0.4200000000000017
2015-04-10,61.7,0.23000000000000398
2015-04-13,62.07,0.36999999999999744
2015-04-14,63.04,0.9699999999999989
2015-04-15,64.21,1.1699999999999946
2015-04-16,63.81,-0.3999999999999915
2015-04-17,62.84,-0.9699999999999989
2015-04-20,63.24,0.3999999999999986
2015-04-21,62.31,-0.9299999999999997
2015-04-22,62.94,0.6299999999999955
2015-04-23,62.8,-0.14000000000000057
2015-04-24,62.6,-0.19999999999999574
2015-04-27,62.34,-0.259999999999998
2015-04-28,62.76,0.4199999999999946
2015-04-29,63.6,0.8400000000000034
2015-04-30,63.26,-0.3400000000000034
2015-05-01,63.61,0.3500000000000014
2015-05-04,64.72,1.1099999999999994
2015-05-05,64.4,-0.3199999999999932
2015-05-06,63.92,-0.480000000000004
2015-05-07,64.5,0.5799999999999983
2015-05-08,65.49,0.9899999999999949
2015-05-11,65.45,-0.03999999999999204
2015-05-12,65.36,-0.09000000000000341
2015-05-13,65.52,0.1599999999999966
2015-05-14,66.05,0.5300000000000011
2015-05-15,65.88,-0.1700000000000017
2015-05-18,66.42,0.5400000000000063
2015-05-19,67.01,0.5900000000000034
2015-05-20,66.48,-0.5300000000000011
2015-05-21,66.65,0.1700000000000017
2015-05-22,66.47,-0.18000000000000682
2015-05-26,65.73,-0.7399999999999949
2015-05-27,66.47,0.7399999999999949
2015-05-28,66.2,-0.269999999999996
2015-05-29,65.78,-0.4200000000000017
2015-06-01,66.08,0.29999999999999716
2015-06-02,66.02,-0.060000000000002274
2015-06-03,66.7,0.6800000000000068
2015-06-04,66.33,-0.37000000000000455
2015-06-05,67.42,1.0900000000000034
2015-06-08,66.89,-0.5300000000000011
2015-06-09,67.18,0.29000000000000625
2015-06-10,68.26,1.0799999999999983
2015-06-11,68.52,0.2599999999999909
2015-06-12,68.25,-0.269999999999996
2015-06-15,67.99,-0.2600000000000051
2015-06-16,68.37,0.38000000000000966
2015-06-17,68.14,-0.23000000000000398
2015-06-18,68.78,0.6400000000000006
2015-06-19,68.08,-0.7000000000000028
2015-06-22,68.96,0.8799999999999955
2015-06-23,69.75,0.7900000000000063
2015-06-24,69.02,-0.730000000000004
2015-06-25,68.65,-0.36999999999999034
2015-06-26,68.95,0.29999999999999716
2015-06-29,67.2,-1.75
2015-06-30,67.76,0.5600000000000023
2015-07-01,68.07,0.30999999999998806
2015-07-02,67.52,-0.5499999999999972
2015-07-06,67.33,-0.18999999999999773
2015-07-07,66.8,-0.5300000000000011
2015-07-08,65.43,-1.3699999999999903
2015-07-09,66.11,0.6799999999999926
2015-07-10,67.05,0.9399999999999977
2015-07-13,68.09,1.0400000000000063
2015-07-14,69.04,0.9500000000000028
2015-07-15,69.19,0.14999999999999147
2015-07-16,69.56,0.37000000000000455
2015-07-17,69.21,-0.3500000000000085
2015-07-20,69.26,0.05000000000001137
2015-07-21,69.1,-0.1600000000000108
2015-07-22,70.08,0.980000000000004
2015-07-23,69.64,-0.4399999999999977
2015-07-24,68.91,-0.730000000000004
2015-07-27,68.01,-0.8999999999999915
2015-07-28,68.05,0.03999999999999204
2015-07-29,68.94,0.8900000000000006
2015-07-30,69.04,0.10000000000000853
2015-07-31,68.53,-0.5100000000000051
2015-08-03,68.53,0.0
2015-08-04,68.46,-0.07000000000000739
2015-08-05,68.73,0.27000000000001023
2015-08-06,68.25,-0.480000000000004
2015-08-07,68.05,-0.20000000000000284
2015-08-10,68.89,0.8400000000000034
2015-08-11,68.23,-0.6599999999999966
2015-08-12,67.24,-0.9900000000000091
2015-08-13,67.55,0.3100000000000023
2015-08-14,67.89,0.3400000000000034
2015-08-17,68.07,0.1799999999999926
2015-08-18,68.21,0.14000000000000057
2015-08-19,67.6,-0.6099999999999994
2015-08-20,65.94,-1.6599999999999966
2015-08-21,63.6,-2.3399999999999963
2015-08-24,60.25,-3.3500000000000014
2015-08-25,59.91,-0.3400000000000034
2015-08-26,62.91,3.0
2015-08-27,64.48,1.5700000000000074
2015-08-28,64.13,-0.3500000000000085
2015-08-31,64.1,-0.030000000000001137
2015-09-01,61.45,-2.6499999999999915
2015-09-02,62.57,1.1199999999999974
2015-09-03,62.68,0.10999999999999943
2015-09-04,61.5,-1.1799999999999997
2015-09-08,63.16,1.6599999999999966
2015-09-09,62.18,-0.9799999999999969
2015-09-10,62.66,0.4799999999999969
2015-09-11,62.56,-0.09999999999999432
2015-09-14,62.38,-0.17999999999999972
2015-09-15,63.58,1.1999999999999957
2015-09-16,64.14,0.5600000000000023
2015-09-17,62.65,-1.490000000000002
2015-09-18,60.94,-1.7100000000000009
2015-09-21,61.45,0.5100000000000051
2015-09-22,60.91,-0.5400000000000063
2015-09-23,60.64,-0.269999999999996
2015-09-24,60.22,-0.4200000000000017
2015-09-25,61.47,1.25
2015-09-28,59.98,-1.490000000000002
2015-09-29,59.84,-0.13999999999999346
2015-09-30,60.97,1.1299999999999955
2015-10-01,61.42,0.45000000000000284
2015-10-02,60.81,-0.6099999999999994
2015-10-05,62.02,1.2100000000000009
2015-10-06,62.05,0.02999999999999403
2015-10-07,62.13,0.0800000000000054
2015-10-08,62.13,0.0
2015-10-09,61.93,-0.20000000000000284
2015-10-12,61.72,-0.21000000000000085
2015-10-13,61.55,-0.1700000000000017
2015-10-14,59.99,-1.5599999999999952
2015-10-15,61.89,1.8999999999999986
2015-10-16,62.43,0.5399999999999991
2015-10-19,62.22,-0.21000000000000085
2015-10-20,62.52,0.30000000000000426
2015-10-21,62.06,-0.46000000000000085
2015-10-22,63.19,1.1299999999999955
2015-10-23,63.87,0.6799999999999997
2015-10-26,63.9,0.030000000000001137
2015-10-27,63.64,-0.259999999999998
2015-10-28,65.5,1.8599999999999994
2015-10-29,65.21,-0.29000000000000625
2015-10-30,64.25,-0.9599999999999937
2015-11-02,65.54,1.2900000000000063
2015-11-03,65.78,0.23999999999999488
2015-11-04,65.85,0.06999999999999318
2015-11-05,66.44,0.5900000000000034
2015-11-06,68.46,2.019999999999996
2015-11-09,67.39,-1.0699999999999932
2015-11-10,67.68,0.29000000000000625
2015-11-11,67.35,-0.3300000000000125
2015-11-12,66.0,-1.3499999999999943
2015-11-13,65.56,-0.4399999999999977
2015-11-16,66.51,0.9500000000000028
2015-11-17,66.13,-0.38000000000000966
2015-11-18,67.45,1.3200000000000074
2015-11-19,67.66,0.20999999999999375
2015-11-20,67.54,-0.11999999999999034
2015-11-23,66.88,-0.6600000000000108
2015-11-24,66.78,-0.09999999999999432
2015-11-25,66.86,0.0799999999999983
2015-11-27,67.17,0.3100000000000023
2015-11-30,66.68,-0.4899999999999949
2015-12-01,67.61,0.9299999999999926
2015-12-02,66.66,-0.9500000000000028
2015-12-03,65.8,-0.8599999999999994
2015-12-04,67.89,2.0900000000000034
2015-12-07,67.0,-0.8900000000000006
2015-12-08,65.96,-1.0400000000000063
2015-12-09,65.46,-0.5
2015-12-10,65.61,0.15000000000000568
2015-12-11,64.07,-1.5400000000000063
2015-12-14,64.27,0.20000000000000284
2015-12-15,66.1,1.8299999999999983
2015-12-16,67.53,1.4300000000000068
2015-12-17,66.28,-1.25
2015-12-18,64.4,-1.8799999999999955
2015-12-21,65.54,1.1400000000000006
2015-12-22,65.68,0.14000000000000057
2015-12-23,66.73,1.0499999999999972
2015-12-24,66.6,-0.13000000000000966
2015-12-28,66.38,-0.21999999999999886
2015-12-29,67.07,0.6899999999999977
2015-12-30,66.59,-0.47999999999998977
2015-12-31,66.03,-0.5600000000000023
2016-01-04,63.62,-2.4100000000000037
2016-01-05,63.73,0.10999999999999943
2016-01-06,62.81,-0.9199999999999946
2016-01-07,60.27,-2.539999999999999
2016-01-08,58.92,-1.3500000000000014
2016-01-11,58.83,-0.09000000000000341
2016-01-12,58.96,0.13000000000000256
2016-01-13,57.34,-1.6199999999999974
2016-01-14,58.2,0.8599999999999994
2016-01-15,57.04,-1.1600000000000037
2016-01-19,57.01,-0.030000000000001137
2016-01-20,55.51,-1.5
2016-01-21,55.25,-0.259999999999998
2016-01-22,56.95,1.7000000000000028
2016-01-25,55.66,-1.2900000000000063
2016-01-26,57.08,1.4200000000000017
2016-01-27,57.04,-0.03999999999999915
2016-01-28,57.28,0.240000000000002
2016-01-29,59.5,2.219999999999999
2016-02-01,58.86,-0.6400000000000006
2016-02-02,57.03,-1.8299999999999983
2016-02-03,57.41,0.37999999999999545
2016-02-04,58.4,0.990000000000002
2016-02-05,57.75,-0.6499999999999986
2016-02-08,56.54,-1.2100000000000009
2016-02-09,56.2,-0.3399999999999963
2016-02-10,55.52,-0.6799999999999997
2016-02-11,53.07,-2.450000000000003
2016-02-12,57.49,4.420000000000002
2016-02-16,58.35,0.8599999999999994
2016-02-17,58.77,0.4200000000000017
2016-02-18,57.81,-0.9600000000000009
2016-02-19,57.82,0.00999999999999801
2016-02-22,58.57,0.75
2016-02-23,56.12,-2.450000000000003
2016-02-24,56.14,0.020000000000003126
2016-02-25,57.01,0.8699999999999974
2016-02-26,57.54,0.5300000000000011
2016-02-29,56.3,-1.240000000000002
2016-03-01,59.2,2.9000000000000057
2016-03-02,59.76,0.5599999999999952
2016-03-03,59.96,0.20000000000000284
2016-03-04,60.05,0.0899999999999963
2016-03-07,59.94,-0.10999999999999943
2016-03-08,58.78,-1.1599999999999966
2016-03-09,59.12,0.3399999999999963
2016-03-10,58.61,-0.509999999999998
2016-03-11,59.34,0.730000000000004
2016-03-14,59.12,-0.22000000000000597
2016-03-15,59.2,0.0800000000000054
2016-03-16,58.92,-0.28000000000000114
2016-03-17,58.75,-0.1700000000000017
2016-03-18,60.48,1.7299999999999969
2016-03-21,60.46,-0.01999999999999602
2016-03-22,60.24,-0.21999999999999886
2016-03-23,59.94,-0.30000000000000426
2016-03-24,59.48,-0.46000000000000085
2016-03-28,59.4,-0.0799999999999983
2016-03-29,59.03,-0.36999999999999744
2016-03-30,59.71,0.6799999999999997
2016-03-31,59.22,-0.490000000000002
2016-04-01,59.87,0.6499999999999986
2016-04-04,59.2,-0.6699999999999946
2016-04-05,58.36,-0.8400000000000034
2016-04-06,58.81,0.45000000000000284
2016-04-07,57.32,-1.490000000000002
2016-04-08,57.74,0.4200000000000017
2016-04-11,58.2,0.46000000000000085
2016-04-12,59.28,1.0799999999999983
2016-04-13,61.79,2.509999999999998
2016-04-14,62.59,0.8000000000000043
2016-04-15,61.87,-0.720000000000006
2016-04-18,62.27,0.4000000000000057
2016-04-19,63.32,1.0499999999999972
2016-04-20,64.24,0.9199999999999946
2016-04-21,63.6,-0.6399999999999935
2016-04-22,63.97,0.36999999999999744
2016-04-25,63.6,-0.36999999999999744
2016-04-26,63.93,0.3299999999999983
2016-04-27,64.11,0.17999999999999972
2016-04-28,63.6,-0.509999999999998
2016-04-29,63.2,-0.3999999999999986
2016-05-02,63.79,0.5899999999999963
2016-05-03,62.56,-1.2299999999999969
2016-05-04,61.57,-0.990000000000002
2016-05-05,61.24,-0.3299999999999983
2016-05-06,61.6,0.35999999999999943
2016-05-09,61.21,-0.39000000000000057
2016-05-10,62.04,0.8299999999999983
2016-05-11,61.81,-0.22999999999999687
2016-05-12,61.77,-0.03999999999999915
2016-05-13,61.2,-0.5700000000000003
2016-05-16,61.66,0.45999999999999375
2016-05-17,61.66,0.0
2016-05-18,64.04,2.3800000000000097
2016-05-19,63.39,-0.6500000000000057
2016-05-20,63.51,0.11999999999999744
2016-05-23,63.46,-0.04999999999999716
2016-05-24,64.54,1.0800000000000054
2016-05-25,65.52,0.9799999999999898
2016-05-26,65.03,-0.4899999999999949
2016-05-27,65.43,0.4000000000000057
2016-05-31,65.27,-0.1600000000000108
2016-06-01,65.69,0.4200000000000017
2016-06-02,65.81,0.12000000000000455
2016-06-03,64.64,-1.1700000000000017
2016-06-06,65.28,0.6400000000000006
2016-06-07,65.06,-0.21999999999999886
2016-06-08,65.25,0.18999999999999773
2016-06-09,64.75,-0.5
2016-06-10,63.84,-0.9099999999999966
2016-06-13,63.27,-0.5700000000000003
2016-06-14,62.08,-1.1900000000000048
2016-06-15,61.97,-0.10999999999999943
2016-06-16,62.22,0.25
2016-06-17,62.28,0.060000000000002274
2016-06-20,62.37,0.0899999999999963
2016-06-21,62.95,0.5800000000000054
2016-06-22,62.71,-0.240000000000002
2016-06-23,64.05,1.3399999999999963
2016-06-24,59.6,-4.449999999999996
2016-06-27,57.61,-1.990000000000002
2016-06-28,59.52,1.9100000000000037
2016-06-29,61.2,1.6799999999999997
2016-06-30,62.14,0.9399999999999977
2016-07-01,61.26,-0.8800000000000026
2016-07-05,59.55,-1.7100000000000009
2016-07-06,60.19,0.6400000000000006
2016-07-07,60.58,0.39000000000000057
2016-07-08,61.83,1.25
2016-07-11,62.27,0.44000000000000483
2016-07-12,63.2,0.9299999999999997
2016-07-13,63.16,-0.04000000000000625
2016-07-14,64.12,0.960000000000008
2016-07-15,64.18,0.060000000000002274
2016-07-18,63.96,-0.22000000000000597
2016-07-19,63.86,-0.10000000000000142
2016-07-20,63.93,0.07000000000000028
2016-07-21,63.69,-0.240000000000002
2016-07-22,64.04,0.3500000000000085
2016-07-25,63.87,-0.1700000000000088
2016-07-26,64.13,0.259999999999998
2016-07-27,64.33,0.20000000000000284
2016-07-28,64.1,-0.23000000000000398
2016-07-29,63.97,-0.12999999999999545
2016-08-01,63.8,-0.1700000000000017
2016-08-02,63.65,-0.14999999999999858
2016-08-03,64.66,1.009999999999998
2016-08-04,64.56,-0.09999999999999432
2016-08-05,66.3,1.7399999999999949
2016-08-08,66.1,-0.20000000000000284
2016-08-09,65.87,-0.22999999999998977
2016-08-10,65.28,-0.5900000000000034
2016-08-11,65.46,0.1799999999999926
2016-08-12,65.32,-0.14000000000000057
2016-08-15,65.72,0.4000000000000057
2016-08-16,65.71,-0.010000000000005116
2016-08-17,65.89,0.18000000000000682
2016-08-18,65.95,0.060000000000002274
2016-08-19,65.86,-0.09000000000000341
2016-08-22,65.8,-0.060000000000002274
2016-08-23,65.77,-0.030000000000001137
2016-08-24,65.95,0.18000000000000682
2016-08-25,66.07,0.11999999999999034
2016-08-26,66.22,0.15000000000000568
2016-08-29,66.95,0.730000000000004
2016-08-30,67.5,0.5499999999999972
2016-08-31,67.5,0.0
2016-09-01,67.21,-0.29000000000000625
2016-09-02,67.49,0.28000000000000114
2016-09-06,67.44,-0.04999999999999716
2016-09-07,67.16,-0.28000000000000114
2016-09-08,67.25,0.09000000000000341
2016-09-09,66.65,-0.5999999999999943
2016-09-12,67.06,0.4099999999999966
2016-09-13,66.53,-0.5300000000000011
2016-09-14,66.4,-0.12999999999999545
2016-09-15,66.64,0.23999999999999488
2016-09-16,65.82,-0.8200000000000074
2016-09-19,66.19,0.37000000000000455
2016-09-20,66.46,0.269999999999996
2016-09-21,66.84,0.38000000000000966
2016-09-22,67.39,0.5499999999999972
2016-09-23,67.25,-0.14000000000000057
2016-09-26,65.78,-1.4699999999999989
2016-09-27,66.36,0.5799999999999983
2016-09-28,66.71,0.3499999999999943
2016-09-29,65.65,-1.059999999999988
2016-09-30,66.59,0.9399999999999977
2016-10-03,66.51,-0.0799999999999983
2016-10-04,66.6,0.0899999999999892
2016-10-05,67.69,1.0900000000000034
2016-10-06,67.87,0.18000000000000682
2016-10-07,68.11,0.23999999999999488
2016-10-10,68.64,0.5300000000000011
2016-10-11,68.31,-0.3299999999999983
2016-10-12,68.13,-0.18000000000000682
2016-10-13,67.74,-0.39000000000000057
2016-10-14,67.52,-0.21999999999999886
2016-10-17,67.17,-0.3499999999999943
2016-10-18,67.7,0.5300000000000011
2016-10-19,68.35,0.6499999999999915
2016-10-20,68.26,-0.0899999999999892
2016-10-21,68.49,0.22999999999998977
2016-10-24,68.87,0.38000000000000966
2016-10-25,68.8,-0.07000000000000739
2016-10-26,69.13,0.3299999999999983
2016-10-27,69.23,0.10000000000000853
2016-10-28,69.11,-0.12000000000000455
2016-10-31,69.26,0.15000000000000568
2016-11-01,68.97,-0.29000000000000625
2016-11-02,68.68,-0.28999999999999204
2016-11-03,68.38,-0.30000000000001137
2016-11-04,67.76,-0.6199999999999903
2016-11-07,69.88,2.1199999999999903
2016-11-08,70.03,0.15000000000000568
2016-11-09,73.25,3.219999999999999
2016-11-10,76.65,3.4000000000000057
2016-11-11,76.69,0.03999999999999204
2016-11-14,79.51,2.8200000000000074
2016-11-15,79.36,-0.15000000000000568
2016-11-16,77.4,-1.9599999999999937
2016-11-17,78.02,0.6199999999999903
2016-11-18,77.71,-0.3100000000000023
2016-11-21,78.05,0.3400000000000034
2016-11-22,78.53,0.480000000000004
2016-11-23,78.86,0.3299999999999983
2016-11-25,78.83,-0.030000000000001137
2016-11-28,78.32,-0.5100000000000051
2016-11-29,78.92,0.6000000000000085
2016-11-30,80.17,1.25
2016-12-01,81.79,1.6200000000000045
2016-12-02,81.6,-0.19000000000001194
2016-12-05,83.26,1.6600000000000108
2016-12-06,83.69,0.4299999999999926
2016-12-07,84.07,0.37999999999999545
2016-12-08,85.12,1.0500000000000114
2016-12-09,85.49,0.36999999999999034
2016-12-12,84.73,-0.7599999999999909
2016-12-13,84.76,0.030000000000001137
2016-12-14,84.73,-0.030000000000001137
2016-12-15,86.0,1.269999999999996
2016-12-16,84.94,-1.0600000000000023
2016-12-19,85.43,0.4900000000000091
2016-12-20,86.53,1.0999999999999943
2016-12-21,86.75,0.21999999999999886
2016-12-22,86.89,0.14000000000000057
2016-12-23,87.05,0.1599999999999966
2016-12-27,87.13,0.0799999999999983
2016-12-28,86.5,-0.6299999999999955
2016-12-29,85.89,-0.6099999999999994
2016-12-30,86.29,0.4000000000000057
2017-01-03,87.23,0.9399999999999977
2017-01-04,86.91,-0.3200000000000074
2017-01-05,86.11,-0.7999999999999972
2017-01-06,86.12,0.010000000000005116
2017-01-09,86.18,0.060000000000002274
2017-01-10,86.43,0.25
2017-01-11,87.08,0.6499999999999915
2017-01-12,86.24,-0.8400000000000034
2017-01-13,86.7,0.46000000000000796
2017-01-17,83.55,-3.1500000000000057
2017-01-18,83.94,0.39000000000000057
2017-01-19,83.3,-0.6400000000000006
2017-01-20,83.67,0.37000000000000455
2017-01-23,83.71,0.03999999999999204
2017-01-24,84.72,1.0100000000000051
2017-01-25,86.03,1.3100000000000023
2017-01-26,86.75,0.7199999999999989
2017-01-27,86.93,0.18000000000000682
2017-01-30,86.03,-0.9000000000000057
2017-01-31,84.63,-1.4000000000000057
2017-02-01,84.95,0.3200000000000074
2017-02-02,84.59,-0.35999999999999943
2017-02-03,87.18,2.5900000000000034
2017-02-06,86.77,-0.4100000000000108
2017-02-07,86.72,-0.04999999999999716
2017-02-08,85.96,-0.7600000000000051
2017-02-09,87.2,1.240000000000009
2017-02-10,87.0,-0.20000000000000284
2017-02-13,88.15,1.1500000000000057
2017-02-14,89.56,1.4099999999999966
2017-02-15,90.59,1.0300000000000011
2017-02-16,90.53,-0.060000000000002274
2017-02-17,90.23,-0.29999999999999716
2017-02-21,91.01,0.7800000000000011
2017-02-22,91.06,0.04999999999999716
2017-02-23,91.13,0.06999999999999318
2017-02-24,90.33,-0.7999999999999972
2017-02-27,90.43,0.10000000000000853
2017-02-28,90.62,0.18999999999999773
2017-03-01,93.6,2.9799999999999898
2017-03-02,92.14,-1.4599999999999937
2017-03-03,92.8,0.6599999999999966
2017-03-06,91.92,-0.8799999999999955
2017-03-07,91.41,-0.5100000000000051
2017-03-08,91.21,-0.20000000000000284
2017-03-09,91.57,0.35999999999999943
2017-03-10,91.28,-0.28999999999999204
2017-03-13,91.36,0.0799999999999983
2017-03-14,91.51,0.15000000000000568
2017-03-15,91.73,0.21999999999999886
2017-03-16,91.64,-0.09000000000000341
2017-03-17,90.68,-0.9599999999999937
2017-03-20,90.03,-0.6500000000000057
2017-03-21,87.39,-2.6400000000000006
2017-03-22,87.53,0.14000000000000057
2017-03-23,87.39,-0.14000000000000057
2017-03-24,87.29,-0.09999999999999432
2017-03-27,87.24,-0.05000000000001137
2017-03-28,88.6,1.3599999999999994
2017-03-29,88.27,-0.3299999999999983
2017-03-30,89.03,0.7600000000000051
2017-03-31,87.84,-1.1899999999999977
2017-04-03,87.52,-0.3200000000000074
2017-04-04,87.31,-0.20999999999999375
2017-04-05,86.19,-1.1200000000000045
2017-04-06,86.48,0.29000000000000625
2017-04-07,86.18,-0.29999999999999716
2017-04-10,85.88,-0.30000000000001137
2017-04-11,85.73,-0.14999999999999147
2017-04-12,85.4,-0.3299999999999983
2017-04-13,84.4,-1.0
2017-04-17,85.86,1.4599999999999937
2017-04-18,85.16,-0.7000000000000028
2017-04-19,84.46,-0.7000000000000028
2017-04-20,85.55,1.0900000000000034
2017-04-21,84.52,-1.0300000000000011
2017-04-24,87.5,2.980000000000004
2017-04-25,88.26,0.7600000000000051
2017-04-26,88.43,0.1700000000000017
2017-04-27,87.61,-0.8200000000000074
2017-04-28,87.0,-0.6099999999999994
2017-05-01,87.06,0.060000000000002274
2017-05-02,86.5,-0.5600000000000023
2017-05-03,87.0,0.5
2017-05-04,87.1,0.09999999999999432
2017-05-05,87.0,-0.09999999999999432
2017-05-08,87.1,0.09999999999999432
2017-05-09,86.75,-0.3499999999999943
2017-05-10,87.43,0.6800000000000068
2017-05-11,87.16,-0.27000000000001023
2017-05-12,86.92,-0.23999999999999488
2017-05-15,87.34,0.4200000000000017
2017-05-16,87.61,0.269999999999996
2017-05-17,84.27,-3.3400000000000034
2017-05-18,83.96,-0.3100000000000023
2017-05-19,84.78,0.8200000000000074
2017-05-22,84.7,-0.0799999999999983
2017-05-23,85.76,1.0600000000000023
2017-05-24,85.71,-0.05000000000001137
2017-05-25,85.35,-0.35999999999999943
2017-05-26,85.36,0.010000000000005116
2017-05-30,83.9,-1.4599999999999937
2017-05-31,82.15,-1.75
2017-06-01,83.06,0.9099999999999966
2017-06-02,82.64,-0.4200000000000017
2017-06-05,82.79,0.15000000000000568
2017-06-06,82.96,0.1699999999999875
2017-06-07,83.91,0.9500000000000028
2017-06-08,84.95,1.0400000000000063
2017-06-09,86.96,2.009999999999991
2017-06-12,86.98,0.020000000000010232
2017-06-13,87.27,0.28999999999999204
2017-06-14,87.09,-0.1799999999999926
2017-06-15,86.57,-0.5200000000000102
2017-06-16,86.18,-0.38999999999998636
2017-06-19,88.07,1.8899999999999864
2017-06-20,87.52,-0.5499999999999972
2017-06-21,87.12,-0.3999999999999915
2017-06-22,87.02,-0.10000000000000853
2017-06-23,86.86,-0.1599999999999966
2017-06-26,87.24,0.37999999999999545
2017-06-27,88.05,0.8100000000000023
2017-06-28,89.82,1.769999999999996
2017-06-29,91.15,1.3300000000000125
2017-06-30,91.4,0.25
2017-07-03,92.75,1.3499999999999943
2017-07-05,93.68,0.9300000000000068
2017-07-06,93.38,-0.30000000000001137
2017-07-07,93.85,0.46999999999999886
2017-07-10,93.19,-0.6599999999999966
2017-07-11,92.83,-0.35999999999999943
2017-07-12,92.51,-0.3199999999999932
2017-07-13,93.1,0.5899999999999892
2017-07-14,92.25,-0.8499999999999943
2017-07-17,91.39,-0.8599999999999994
2017-07-18,91.07,-0.3200000000000074
2017-07-19,91.2,0.13000000000000966
2017-07-20,91.2,0.0
2017-07-21,90.89,-0.3100000000000023
2017-07-24,91.28,0.39000000000000057
2017-07-25,92.8,1.519999999999996
2017-07-26,91.93,-0.8699999999999903
2017-07-27,91.55,-0.38000000000000966
2017-07-28,91.28,-0.269999999999996
2017-07-31,91.8,0.519999999999996
2017-08-01,93.03,1.230000000000004
2017-08-02,93.11,0.0799999999999983
2017-08-03,92.5,-0.6099999999999994
2017-08-04,93.66,1.1599999999999966
2017-08-07,94.02,0.35999999999999943
2017-08-08,93.68,-0.3399999999999892
2017-08-09,93.53,-0.15000000000000568
2017-08-10,92.19,-1.3400000000000034
2017-08-11,91.42,-0.769999999999996
2017-08-14,92.49,1.0699999999999932
2017-08-15,92.73,0.2400000000000091
2017-08-16,92.09,-0.6400000000000006
2017-08-17,90.65,-1.4399999999999977
2017-08-18,90.74,0.0899999999999892
2017-08-21,90.63,-0.10999999999999943
2017-08-22,91.56,0.9300000000000068
2017-08-23,91.67,0.10999999999999943
2017-08-24,91.52,-0.15000000000000568
2017-08-25,91.89,0.37000000000000455
2017-08-28,91.6,-0.29000000000000625
2017-08-29,91.1,-0.5
2017-08-30,91.31,0.21000000000000796
2017-08-31,90.89,-0.4200000000000017
2017-09-01,91.7,0.8100000000000023
2017-09-05,89.51,-2.1899999999999977
2017-09-06,90.11,0.5999999999999943
2017-09-07,88.53,-1.5799999999999983
2017-09-08,88.42,-0.10999999999999943
2017-09-11,89.79,1.3700000000000045
2017-09-12,90.89,1.0999999999999943
2017-09-13,91.15,0.2600000000000051
2017-09-14,90.97,-0.18000000000000682
2017-09-15,91.62,0.6500000000000057
2017-09-18,92.92,1.2999999999999972
2017-09-19,93.94,1.019999999999996
2017-09-20,94.6,0.6599999999999966
2017-09-21,95.03,0.4300000000000068
2017-09-22,94.83,-0.20000000000000284
2017-09-25,94.12,-0.7099999999999937
2017-09-26,93.7,-0.4200000000000017
2017-09-27,95.18,1.480000000000004
2017-09-28,95.38,0.19999999999998863
2017-09-29,95.51,0.13000000000000966
2017-10-02,96.84,1.3299999999999983
2017-10-03,97.35,0.5099999999999909
2017-10-04,96.36,-0.9899999999999949
2017-10-05,97.09,0.730000000000004
2017-10-06,96.92,-0.1700000000000017
2017-10-09,96.41,-0.5100000000000051
2017-10-10,97.13,0.7199999999999989
2017-10-11,96.84,-0.28999999999999204
2017-10-12,95.99,-0.8500000000000085
2017-10-13,95.86,-0.12999999999999545
2017-10-16,97.84,1.980000000000004
2017-10-17,97.62,-0.21999999999999886
2017-10-18,97.99,0.36999999999999034
2017-10-19,98.11,0.12000000000000455
2017-10-20,99.51,1.4000000000000057
2017-10-23,99.34,-0.1700000000000017
2017-10-24,100.92,1.5799999999999983
2017-10-25,101.02,0.09999999999999432
2017-10-26,101.74,0.7199999999999989
2017-10-27,101.77,0.030000000000001137
2017-10-30,101.41,-0.35999999999999943
2017-10-31,100.61,-0.7999999999999972
2017-11-01,100.92,0.3100000000000023
2017-11-02,101.59,0.6700000000000017
2017-11-03,101.41,-0.18000000000000682
2017-11-06,100.78,-0.6299999999999955
2017-11-07,98.75,-2.030000000000001
2017-11-08,97.64,-1.1099999999999994
2017-11-09,97.63,-0.010000000000005116
2017-11-10,97.51,-0.11999999999999034
2017-11-13,97.86,0.3499999999999943
2017-11-14,97.27,-0.5900000000000034
2017-11-15,98.19,0.9200000000000017
2017-11-16,98.47,0.28000000000000114
2017-11-17,98.14,-0.3299999999999983
2017-11-20,99.01,0.8700000000000045
2017-11-21,98.93,-0.0799999999999983
2017-11-22,98.64,-0.29000000000000625
2017-11-24,98.32,-0.3200000000000074
2017-11-27,97.93,-0.38999999999998636
2017-11-28,101.36,3.4299999999999926
2017-11-29,103.73,2.3700000000000045
2017-11-30,104.52,0.789999999999992
2017-12-01,104.79,0.27000000000001023
2017-12-04,106.95,2.1599999999999966
2017-12-05,105.72,-1.230000000000004
2017-12-06,104.93,-0.789999999999992
2017-12-07,104.62,-0.3100000000000023
2017-12-08,105.93,1.3100000000000023
2017-12-11,105.62,-0.3100000000000023
2017-12-12,106.85,1.2299999999999898
2017-12-13,105.51,-1.3399999999999892
2017-12-14,104.66,-0.8500000000000085
2017-12-15,106.14,1.480000000000004
2017-12-18,106.96,0.8199999999999932
2017-12-19,106.51,-0.44999999999998863
2017-12-20,106.14,-0.37000000000000455
2017-12-21,107.83,1.6899999999999977
2017-12-22,107.45,-0.37999999999999545
2017-12-26,107.02,-0.4300000000000068
2017-12-27,107.22,0.20000000000000284
2017-12-28,107.79,0.5700000000000074
2017-12-29,106.94,-0.8500000000000085
2018-01-02,107.95,1.0100000000000051
2018-01-03,108.06,0.10999999999999943
2018-01-04,109.04,0.980000000000004
2018-01-05,108.34,-0.7000000000000028
2018-01-08,108.5,0.1599999999999966
2018-01-09,109.05,0.5499999999999972
2018-01-10,110.25,1.2000000000000028
2018-01-11,110.84,0.5900000000000034
2018-01-12,112.67,1.8299999999999983
2018-01-16,112.27,-0.4000000000000057
2018-01-17,112.99,0.7199999999999989
2018-01-18,113.26,0.27000000000001023
2018-01-19,113.01,-0.25
2018-01-22,114.33,1.3199999999999932
2018-01-23,114.21,-0.12000000000000455
2018-01-24,115.67,1.460000000000008
2018-01-25,115.7,0.030000000000001137
2018-01-26,116.32,0.6199999999999903
2018-01-29,116.2,-0.11999999999999034
2018-01-30,115.11,-1.0900000000000034
2018-01-31,115.67,0.5600000000000023
2018-02-01,116.87,1.2000000000000028
2018-02-02,114.28,-2.5900000000000034
2018-02-05,108.8,-5.480000000000004
2018-02-06,112.11,3.3100000000000023
2018-02-07,112.87,0.7600000000000051
2018-02-08,107.88,-4.990000000000009
2018-02-09,110.04,2.160000000000011
2018-02-12,111.74,1.6999999999999886
2018-02-13,112.43,0.6900000000000119
2018-02-14,115.03,2.5999999999999943
2018-02-15,115.51,0.480000000000004
2018-02-16,114.68,-0.8299999999999983
2018-02-20,114.71,0.029999999999986926
2018-02-21,115.19,0.480000000000004
2018-02-22,114.98,-0.20999999999999375
2018-02-23,117.31,2.3299999999999983
2018-02-26,118.77,1.4599999999999937
2018-02-27,117.36,-1.4099999999999966
2018-02-28,115.5,-1.8599999999999994
2018-03-01,113.43,-2.069999999999993
2018-03-02,113.32,-0.11000000000001364
2018-03-05,115.06,1.740000000000009
2018-03-06,115.16,0.09999999999999432
2018-03-07,114.73,-0.4299999999999926
2018-03-08,114.74,0.009999999999990905
2018-03-09,118.04,3.3000000000000114
2018-03-12,117.66,-0.38000000000000966
2018-03-13,116.25,-1.4099999999999966
2018-03-14,114.95,-1.2999999999999972
2018-03-15,115.24,0.28999999999999204
2018-03-16,115.44,0.20000000000000284
2018-03-19,114.53,-0.9099999999999966
2018-03-20,114.64,0.10999999999999943
2018-03-21,114.74,0.09999999999999432
2018-03-22,109.95,-4.789999999999992
2018-03-23,107.01,-2.9399999999999977
2018-03-26,110.31,3.299999999999997
2018-03-27,108.17,-2.1400000000000006
2018-03-28,108.0,-0.1700000000000017
2018-03-29,109.97,1.9699999999999989
2018-04-02,107.85,-2.1200000000000045
2018-04-03,109.33,1.480000000000004
2018-04-04,110.99,1.6599999999999966
2018-04-05,111.88,0.8900000000000006
2018-04-06,109.09,-2.789999999999992
2018-04-09,110.4,1.3100000000000023
2018-04-10,112.51,2.1099999999999994
2018-04-11,110.62,-1.8900000000000006
2018-04-12,113.37,2.75
2018-04-13,110.3,-3.0700000000000074
2018-04-16,110.21,-0.09000000000000341
2018-04-17,110.21,0.0
2018-04-18,109.32,-0.8900000000000006
2018-04-19,111.72,2.4000000000000057
2018-04-20,111.47,-0.25
2018-04-23,110.93,-0.539999999999992
2018-04-24,110.41,-0.5200000000000102
2018-04-25,109.99,-0.4200000000000017
2018-04-26,110.1,0.10999999999999943
2018-04-27,109.4,-0.6999999999999886
2018-04-30,108.78,-0.6200000000000045
2018-05-01,108.78,0.0
2018-05-02,107.92,-0.8599999999999994
2018-05-03,107.24,-0.6800000000000068
2018-05-04,108.43,1.190000000000012
2018-05-07,109.37,0.9399999999999977
2018-05-08,110.99,1.6199999999999903
2018-05-09,113.41,2.4200000000000017
2018-05-10,114.29,0.8800000000000097
2018-05-11,113.86,-0.4300000000000068
2018-05-14,113.9,0.04000000000000625
2018-05-15,113.03,-0.8700000000000045
2018-05-16,113.34,0.3100000000000023
2018-05-17,112.96,-0.38000000000000966
2018-05-18,111.13,-1.8299999999999983
2018-05-21,112.15,1.0200000000000102
2018-05-22,113.01,0.8599999999999994
2018-05-23,112.49,-0.5200000000000102
2018-05-24,111.23,-1.259999999999991
2018-05-25,110.66,-0.5700000000000074
2018-05-29,105.93,-4.72999999999999
2018-05-30,108.35,2.4199999999999875
2018-05-31,107.01,-1.3399999999999892
2018-06-01,108.4,1.3900000000000006
2018-06-04,108.45,0.04999999999999716
2018-06-05,107.84,-0.6099999999999994
2018-06-06,110.36,2.519999999999996
2018-06-07,110.8,0.4399999999999977
2018-06-08,111.11,0.3100000000000023
2018-06-11,110.83,-0.28000000000000114
2018-06-12,110.19,-0.6400000000000006
2018-06-13,109.97,-0.21999999999999886
2018-06-14,108.03,-1.9399999999999977
2018-06-15,107.9,-0.12999999999999545
2018-06-18,108.18,0.28000000000000114
2018-06-19,107.55,-0.6300000000000097
2018-06-20,107.54,-0.009999999999990905
2018-06-21,107.51,-0.030000000000001137
2018-06-22,105.75,-1.7600000000000051
2018-06-25,104.79,-0.9599999999999937
2018-06-26,104.86,0.06999999999999318
2018-06-27,103.24,-1.6200000000000045
2018-06-28,104.93,1.690000000000012
2018-06-29,104.2,-0.730000000000004
2018-07-02,105.08,0.8799999999999955
2018-07-03,103.61,-1.4699999999999989
2018-07-05,103.72,0.10999999999999943
2018-07-06,104.06,0.3400000000000034
2018-07-09,107.28,3.219999999999999
2018-07-10,106.62,-0.6599999999999966
2018-07-11,106.39,-0.23000000000000398
2018-07-12,106.85,0.45999999999999375
2018-07-13,106.36,-0.4899999999999949
2018-07-16,110.58,4.219999999999999
2018-07-17,110.5,-0.0799999999999983
2018-07-18,111.53,1.0300000000000011
2018-07-19,109.89,-1.6400000000000006
2018-07-20,111.28,1.3900000000000006
2018-07-23,113.35,2.069999999999993
2018-07-24,114.15,0.8000000000000114
2018-07-25,115.18,1.0300000000000011
2018-07-26,114.85,-0.3300000000000125
2018-07-27,116.03,1.1800000000000068
2018-07-30,116.73,0.7000000000000028
2018-07-31,114.95,-1.7800000000000011
2018-08-01,115.66,0.7099999999999937
2018-08-02,116.15,0.4900000000000091
2018-08-03,117.09,0.9399999999999977
2018-08-06,117.12,0.030000000000001137
2018-08-07,117.55,0.4299999999999926
2018-08-08,117.79,0.2400000000000091
2018-08-09,116.88,-0.9100000000000108
2018-08-10,115.73,-1.1499999999999915
2018-08-13,113.89,-1.8400000000000034
2018-08-14,114.65,0.7600000000000051
2018-08-15,113.7,-0.9500000000000028
2018-08-16,114.77,1.0699999999999932
2018-08-17,114.77,0.0
2018-08-20,114.62,-0.14999999999999147
2018-08-21,115.32,0.6999999999999886
2018-08-22,114.97,-0.3499999999999943
2018-08-23,114.73,-0.23999999999999488
2018-08-24,114.68,-0.04999999999999716
2018-08-27,116.71,2.029999999999987
2018-08-28,116.14,-0.5699999999999932
2018-08-29,115.76,-0.37999999999999545
2018-08-30,115.19,-0.5700000000000074
2018-08-31,114.58,-0.6099999999999994
2018-09-04,115.15,0.5700000000000074
2018-09-05,114.59,-0.5600000000000023
2018-09-06,114.1,-0.4900000000000091
2018-09-07,114.32,0.21999999999999886
2018-09-10,113.71,-0.6099999999999994
2018-09-11,114.43,0.7200000000000131
2018-09-12,113.08,-1.3500000000000085
2018-09-13,113.52,0.4399999999999977
2018-09-14,113.5,-0.01999999999999602
2018-09-17,113.84,0.3400000000000034
2018-09-18,114.3,0.45999999999999375
2018-09-19,117.62,3.3200000000000074
2018-09-20,118.63,1.009999999999991
2018-09-21,117.85,-0.7800000000000011
2018-09-24,116.72,-1.1299999999999955
2018-09-25,116.39,-0.3299999999999983
2018-09-26,115.02,-1.3700000000000045
2018-09-27,114.52,-0.5
2018-09-28,112.84,-1.6799999999999926
2018-10-01,113.5,0.6599999999999966
2018-10-02,113.97,0.46999999999999886
2018-10-03,115.04,1.0700000000000074
2018-10-04,115.27,0.22999999999998977
2018-10-05,114.62,-0.6499999999999915
2018-10-08,115.32,0.6999999999999886
2018-10-09,114.52,-0.7999999999999972
2018-10-10,111.47,-3.049999999999997
2018-10-11,108.13,-3.3400000000000034
2018-10-12,106.95,-1.1799999999999926
2018-10-15,106.34,-0.6099999999999994
2018-10-16,108.62,2.280000000000001
2018-10-17,109.83,1.2099999999999937
2018-10-18,108.09,-1.7399999999999949
2018-10-19,107.91,-0.18000000000000682
2018-10-22,106.36,-1.5499999999999972
2018-10-23,105.25,-1.1099999999999994
2018-10-24,103.29,-1.9599999999999937
2018-10-25,104.86,1.5699999999999932
2018-10-26,103.42,-1.4399999999999977
2018-10-29,104.85,1.4299999999999926
2018-10-30,106.7,1.8500000000000085
2018-10-31,109.02,2.319999999999993
2018-11-01,108.98,-0.03999999999999204
2018-11-02,108.38,-0.6000000000000085
2018-11-05,109.09,0.710000000000008
2018-11-06,109.6,0.5099999999999909
2018-11-07,111.48,1.8800000000000097
2018-11-08,112.38,0.8999999999999915
2018-11-09,111.29,-1.0899999999999892
2018-11-12,108.95,-2.3400000000000034
2018-11-13,109.59,0.6400000000000006
2018-11-14,107.33,-2.260000000000005
2018-11-15,110.07,2.739999999999995
2018-11-16,109.99,-0.0799999999999983
2018-11-19,110.83,0.8400000000000034
2018-11-20,108.45,-2.3799999999999955
2018-11-21,107.64,-0.8100000000000023
2018-11-23,106.65,-0.9899999999999949
2018-11-26,109.26,2.6099999999999994
2018-11-27,109.72,0.45999999999999375
2018-11-28,110.94,1.2199999999999989
2018-11-29,110.06,-0.8799999999999955
2018-11-30,111.19,1.1299999999999955
2018-12-03,112.24,1.0499999999999972
2018-12-04,107.23,-5.009999999999991
2018-12-06,105.19,-2.0400000000000063
2018-12-07,103.29,-1.8999999999999915
2018-12-10,101.36,-1.9300000000000068
2018-12-11,100.37,-0.9899999999999949
2018-12-12,101.02,0.6499999999999915
2018-12-13,101.12,0.10000000000000853
2018-12-14,100.29,-0.8299999999999983
2018-12-17,99.01,-1.2800000000000011
2018-12-18,98.54,-0.46999999999999886
2018-12-19,97.29,-1.25
2018-12-20,96.45,-0.8400000000000034
2018-12-21,94.17,-2.280000000000001
2018-12-24,92.14,-2.030000000000001
2018-12-26,95.96,3.819999999999993
2018-12-27,97.04,1.0800000000000125
2018-12-28,96.83,-0.21000000000000796
2018-12-31,97.62,0.7900000000000063
2019-01-02,99.31,1.6899999999999977
2019-01-03,97.11,-2.200000000000003
2019-01-04,100.69,3.5799999999999983
2019-01-07,100.76,0.07000000000000739
2019-01-08,100.57,-0.19000000000001194
2019-01-09,100.4,-0.1699999999999875
2019-01-10,100.39,-0.010000000000005116
2019-01-11,99.91,-0.480000000000004
2019-01-14,100.94,1.0300000000000011
2019-01-15,101.68,0.7400000000000091
2019-01-16,102.5,0.8199999999999932
2019-01-17,102.92,0.4200000000000017
2019-01-18,104.59,1.6700000000000017
2019-01-22,102.94,-1.6500000000000057
2019-01-23,102.68,-0.2599999999999909
2019-01-24,102.74,0.05999999999998806
2019-01-25,103.39,0.6500000000000057
2019-01-28,103.88,0.4899999999999949
2019-01-29,104.17,0.29000000000000625
2019-01-30,104.41,0.23999999999999488
2019-01-31,103.5,-0.9099999999999966
2019-02-01,103.88,0.37999999999999545
2019-02-04,104.25,0.37000000000000455
2019-02-05,103.79,-0.45999999999999375
2019-02-06,103.74,-0.05000000000001137
2019-02-07,102.38,-1.3599999999999994
2019-02-08,101.36,-1.019999999999996
2019-02-11,100.88,-0.480000000000004
2019-02-12,102.6,1.7199999999999989
2019-02-13,103.09,0.4900000000000091
2019-02-14,102.42,-0.6700000000000017
2019-02-15,105.55,3.1299999999999955
2019-02-19,105.18,-0.36999999999999034
2019-02-20,105.69,0.5099999999999909
2019-02-21,105.47,-0.21999999999999886
2019-02-22,105.0,-0.46999999999999886
2019-02-25,106.1,1.0999999999999943
2019-02-26,105.29,-0.8099999999999881
2019-02-27,105.16,-0.13000000000000966
2019-02-28,104.36,-0.7999999999999972
2019-03-01,104.43,0.07000000000000739
2019-03-04,104.19,-0.2400000000000091
2019-03-05,104.11,-0.0799999999999983
2019-03-06,103.72,-0.39000000000000057
2019-03-07,102.97,-0.75
2019-03-08,103.01,0.04000000000000625
2019-03-11,104.35,1.3399999999999892
2019-03-12,104.04,-0.30999999999998806
2019-03-13,104.39,0.3499999999999943
2019-03-14,105.34,0.9500000000000028
2019-03-15,106.55,1.2099999999999937
2019-03-18,107.19,0.6400000000000006
2019-03-19,106.8,-0.39000000000000057
2019-03-20,104.52,-2.280000000000001
2019-03-21,102.87,-1.6499999999999915
2019-03-22,99.76,-3.1099999999999994
2019-03-25,98.93,-0.8299999999999983
2019-03-26,99.92,0.9899999999999949
2019-03-27,99.58,-0.3400000000000034
2019-03-28,100.71,1.1299999999999955
2019-03-29,101.23,0.5200000000000102
2019-04-01,104.64,3.4099999999999966
2019-04-02,105.14,0.5
2019-04-03,105.35,0.20999999999999375
2019-04-04,105.56,0.21000000000000796
2019-04-05,105.31,-0.25
2019-04-08,105.65,0.3400000000000034
2019-04-09,104.87,-0.7800000000000011
2019-04-10,105.34,0.46999999999999886
2019-04-11,106.23,0.8900000000000006
2019-04-12,111.21,4.97999999999999
2019-04-15,109.94,-1.269999999999996
2019-04-16,111.1,1.1599999999999966
2019-04-17,114.3,3.200000000000003
2019-04-18,113.46,-0.8400000000000034
2019-04-22,113.6,0.14000000000000057
2019-04-23,113.74,0.14000000000000057
2019-04-24,113.55,-0.18999999999999773
2019-04-25,113.61,0.060000000000002274
2019-04-26,114.47,0.8599999999999994
2019-04-29,116.12,1.6500000000000057
2019-04-30,116.05,-0.07000000000000739
2019-05-01,115.16,-0.8900000000000006
2019-05-02,115.41,0.25
2019-05-03,116.12,0.710000000000008
2019-05-06,115.09,-1.0300000000000011
2019-05-07,113.21,-1.8800000000000097
2019-05-08,112.61,-0.5999999999999943
2019-05-09,112.52,-0.09000000000000341
2019-05-10,112.51,-0.009999999999990905
2019-05-13,109.45,-3.0600000000000023
2019-05-14,110.32,0.8699999999999903
2019-05-15,109.9,-0.4199999999999875
2019-05-16,111.31,1.4099999999999966
2019-05-17,110.77,-0.5400000000000063
2019-05-20,111.35,0.5799999999999983
2019-05-21,111.73,0.38000000000000966
2019-05-22,110.82,-0.9100000000000108
2019-05-23,108.64,-2.1799999999999926
2019-05-24,109.71,1.0699999999999932
2019-05-28,108.52,-1.1899999999999977
2019-05-29,108.22,-0.29999999999999716
2019-05-30,107.06,-1.1599999999999966
2019-05-31,105.96,-1.1000000000000085
2019-06-03,106.46,0.5
2019-06-04,109.74,3.280000000000001
2019-06-05,110.13,0.39000000000000057
2019-06-06,110.37,0.2400000000000091
2019-06-07,109.16,-1.210000000000008
2019-06-10,110.34,1.1800000000000068
2019-06-11,110.68,0.3400000000000034
2019-06-12,109.27,-1.4100000000000108
2019-06-13,109.54,0.27000000000001023
2019-06-14,109.82,0.2799999999999869
2019-06-17,109.22,-0.5999999999999943
2019-06-18,110.71,1.4899999999999949
2019-06-19,109.91,-0.7999999999999972
2019-06-20,110.19,0.28000000000000114
2019-06-21,109.44,-0.75
2019-06-24,108.66,-0.7800000000000011
2019-06-25,107.76,-0.8999999999999915
2019-06-26,108.48,0.7199999999999989
