created,average sentiment,count
2015-01-01,1.0,2.0
2015-01-03,3.0,2.0
2015-01-04,2.6666666666666665,3.0
2015-01-05,2.5,8.0
2015-01-06,1.0,6.0
2015-01-07,2.1818181818181817,11.0
2015-01-08,3.0,2.0
2015-01-09,1.3333333333333333,3.0
2015-01-10,2.0,2.0
2015-01-11,2.6666666666666665,3.0
2015-01-12,4.0,3.0
2015-01-13,0.8,5.0
2015-01-14,2.6666666666666665,6.0
2015-01-15,2.5,12.0
2015-01-16,2.3333333333333335,12.0
2015-01-18,2.5,4.0
2015-01-19,4.0,2.0
2015-01-20,4.0,2.0
2015-01-21,2.0,3.0
2015-01-22,2.5,4.0
2015-01-23,1.0,4.0
2015-01-24,2.0,5.0
2015-01-25,1.3333333333333333,6.0
2015-01-27,2.5,4.0
2015-01-28,1.7777777777777777,9.0
2015-01-29,1.6666666666666667,6.0
2015-01-30,3.3333333333333335,6.0
2015-01-31,1.8,10.0
2015-02-01,0.6666666666666666,3.0
2015-02-02,4.0,1.0
2015-02-04,2.8,5.0
2015-02-05,0.6666666666666666,3.0
2015-02-06,1.3333333333333333,6.0
2015-02-07,1.0,2.0
2015-02-08,1.5,4.0
2015-02-09,2.0,4.0
2015-02-11,2.3333333333333335,6.0
2015-02-12,2.0,6.0
2015-02-13,1.0,4.0
2015-02-14,1.0,2.0
2015-02-15,4.0,1.0
2015-02-16,2.0,4.0
2015-02-17,2.0,1.0
2015-02-18,1.0,2.0
2015-02-19,3.3333333333333335,3.0
2015-02-20,2.25,8.0
2015-02-21,0.0,1.0
2015-02-22,2.6666666666666665,6.0
2015-02-23,3.3333333333333335,3.0
2015-02-24,2.0,13.0
2015-02-25,1.75,16.0
2015-02-26,2.4,5.0
2015-02-27,2.2,10.0
2015-02-28,1.6,5.0
2015-03-01,2.2,10.0
2015-03-02,4.0,1.0
2015-03-03,2.0,2.0
2015-03-04,1.6,5.0
2015-03-05,0.8,10.0
2015-03-06,2.0,4.0
2015-03-07,1.3333333333333333,3.0
2015-03-08,1.4285714285714286,7.0
2015-03-09,2.6666666666666665,6.0
2015-03-10,2.0,3.0
2015-03-11,2.3333333333333335,6.0
2015-03-12,1.75,8.0
2015-03-13,2.0,3.0
2015-03-14,1.5,4.0
2015-03-15,2.0,2.0
2015-03-16,1.0,2.0
2015-03-17,1.4285714285714286,7.0
2015-03-18,2.0,2.0
2015-03-19,2.6666666666666665,3.0
2015-03-20,1.6666666666666667,6.0
2015-03-21,2.6666666666666665,3.0
2015-03-23,2.0,2.0
2015-03-24,4.0,3.0
2015-03-26,1.3333333333333333,3.0
2015-03-27,3.5,4.0
2015-03-28,1.6,5.0
2015-03-29,2.3333333333333335,6.0
2015-03-30,2.3636363636363638,33.0
2015-03-31,2.4,5.0
2015-04-01,2.0,4.0
2015-04-02,2.0,2.0
2015-04-03,2.3333333333333335,6.0
2015-04-04,2.8,5.0
2015-04-05,1.0,2.0
2015-04-06,2.0,2.0
2015-04-07,1.3333333333333333,9.0
2015-04-08,0.6666666666666666,3.0
2015-04-09,2.0,4.0
2015-04-10,1.8333333333333333,12.0
2015-04-11,1.4285714285714286,7.0
2015-04-12,1.6666666666666667,6.0
2015-04-13,1.0,8.0
2015-04-14,1.8,10.0
2015-04-15,2.5714285714285716,7.0
2015-04-16,1.0,2.0
2015-04-17,0.0,1.0
2015-04-18,2.6666666666666665,3.0
2015-04-19,3.0,2.0
2015-04-20,2.0,5.0
2015-04-21,0.6666666666666666,6.0
2015-04-22,2.0,5.0
2015-04-23,3.0,6.0
2015-04-24,4.0,1.0
2015-04-25,2.857142857142857,7.0
2015-04-26,1.7142857142857142,14.0
2015-04-27,1.75,8.0
2015-04-28,1.3333333333333333,9.0
2015-04-29,3.0,4.0
2015-04-30,1.6,5.0
2015-05-01,2.5,4.0
2015-05-02,2.0,4.0
2015-05-03,4.0,2.0
2015-05-04,2.0,3.0
2015-05-07,1.5,4.0
2015-05-08,2.6666666666666665,3.0
2015-05-10,2.0,10.0
2015-05-11,3.0,2.0
2015-05-12,2.0,9.0
2015-05-13,1.7142857142857142,7.0
2015-05-14,1.6923076923076923,13.0
2015-05-15,2.2857142857142856,7.0
2015-05-16,2.0,5.0
2015-05-17,2.0,2.0
2015-05-18,2.25,8.0
2015-05-19,1.7142857142857142,7.0
2015-05-20,2.4,5.0
2015-05-21,2.090909090909091,22.0
2015-05-22,1.4285714285714286,7.0
2015-05-23,1.75,16.0
2015-05-24,1.4285714285714286,7.0
2015-05-25,2.0481927710843375,83.0
2015-05-26,1.3333333333333333,3.0
2015-05-27,3.25,8.0
2015-05-28,2.2,10.0
2015-05-29,2.0,9.0
2015-05-30,1.6,5.0
2015-05-31,1.1428571428571428,7.0
2015-06-01,1.7391304347826086,23.0
2015-06-02,2.0,2.0
2015-06-03,2.5714285714285716,7.0
2015-06-04,1.6470588235294117,17.0
2015-06-05,2.0,7.0
2015-06-06,2.0,6.0
2015-06-07,1.6,5.0
2015-06-08,2.3333333333333335,6.0
2015-06-09,2.0,2.0
2015-06-10,2.3333333333333335,6.0
2015-06-11,1.6666666666666667,6.0
2015-06-12,2.888888888888889,9.0
2015-06-13,1.75,8.0
2015-06-14,2.0,1.0
2015-06-15,2.0,3.0
2015-06-16,3.0,2.0
2015-06-17,2.6666666666666665,3.0
2015-06-18,2.0,4.0
2015-06-19,2.25,8.0
2015-06-20,2.6666666666666665,3.0
2015-06-21,0.0,2.0
2015-06-22,3.0,2.0
2015-06-23,3.3333333333333335,3.0
2015-06-24,1.6,10.0
2015-06-25,1.6666666666666667,6.0
2015-06-26,2.4,5.0
2015-06-27,2.0,3.0
2015-06-28,1.1428571428571428,14.0
2015-06-29,2.0,3.0
2015-06-30,0.8571428571428571,7.0
2015-07-01,2.8,5.0
2015-07-02,2.6666666666666665,6.0
2015-07-03,1.3333333333333333,3.0
2015-07-04,2.0,1.0
2015-07-05,1.3333333333333333,6.0
2015-07-06,2.2222222222222223,9.0
2015-07-07,3.3333333333333335,9.0
2015-07-08,2.4,5.0
2015-07-09,1.4,10.0
2015-07-10,0.6666666666666666,3.0
2015-07-11,1.4545454545454546,11.0
2015-07-12,3.0,6.0
2015-07-13,2.5714285714285716,7.0
2015-07-14,2.6153846153846154,13.0
2015-07-15,2.1666666666666665,12.0
2015-07-16,1.3333333333333333,3.0
2015-07-17,1.5555555555555556,9.0
2015-07-18,0.6666666666666666,3.0
2015-07-19,1.6666666666666667,18.0
2015-07-20,1.25,8.0
2015-07-21,1.4545454545454546,11.0
2015-07-22,1.5,8.0
2015-07-23,4.0,2.0
2015-07-24,2.5454545454545454,11.0
2015-07-25,0.0,2.0
2015-07-26,2.0,10.0
2015-07-27,3.3333333333333335,6.0
2015-07-28,2.0,20.0
2015-07-29,2.0,2.0
2015-07-30,2.0,3.0
2015-07-31,0.0,1.0
2015-08-01,2.6666666666666665,3.0
2015-08-02,2.0,1.0
2015-08-03,1.6666666666666667,18.0
2015-08-04,4.0,1.0
2015-08-05,2.0,4.0
2015-08-06,3.5,4.0
2015-08-07,2.6666666666666665,6.0
2015-08-08,0.8,5.0
2015-08-09,1.0,4.0
2015-08-10,0.0,1.0
2015-08-11,2.5,4.0
2015-08-12,2.6666666666666665,3.0
2015-08-13,1.5,4.0
2015-08-14,3.0,2.0
2015-08-15,1.5,4.0
2015-08-16,2.3333333333333335,6.0
2015-08-17,2.0,5.0
2015-08-18,2.0,1.0
2015-08-19,1.75,8.0
2015-08-20,1.6363636363636365,11.0
2015-08-21,2.0,9.0
2015-08-22,2.0,3.0
2015-08-23,1.3333333333333333,3.0
2015-08-24,2.357142857142857,28.0
2015-08-25,2.4444444444444446,9.0
2015-08-26,2.4,5.0
2015-08-27,2.0,11.0
2015-08-28,2.5,4.0
2015-08-29,2.0,2.0
2015-08-30,2.4,5.0
2015-08-31,1.911764705882353,136.0
2015-09-01,1.7777777777777777,18.0
2015-09-02,1.7142857142857142,7.0
2015-09-03,0.8571428571428571,7.0
2015-09-04,2.0,6.0
2015-09-05,0.0,3.0
2015-09-06,2.0,3.0
2015-09-07,3.0,2.0
2015-09-08,2.0,8.0
2015-09-09,2.0,3.0
2015-09-10,0.0,2.0
2015-09-11,1.5,8.0
2015-09-13,2.0,7.0
2015-09-14,1.0,4.0
2015-09-15,4.0,1.0
2015-09-16,4.0,4.0
2015-09-17,0.5,4.0
2015-09-19,1.4285714285714286,7.0
2015-09-20,1.3333333333333333,3.0
2015-09-21,2.0,5.0
2015-09-22,1.75,8.0
2015-09-23,2.4,5.0
2015-09-24,2.0,5.0
2015-09-25,0.0,3.0
2015-09-26,1.0,4.0
2015-09-27,0.0,1.0
2015-09-28,4.0,1.0
2015-09-29,2.5,4.0
2015-09-30,0.0,1.0
2015-10-01,1.0,2.0
2015-10-02,0.0,1.0
2015-10-03,3.3333333333333335,3.0
2015-10-04,2.0,1.0
2015-10-05,0.0,2.0
2015-10-06,4.0,2.0
2015-10-07,0.4,5.0
2015-10-08,2.5,4.0
2015-10-09,2.5,4.0
2015-10-10,4.0,2.0
2015-10-11,1.6,5.0
2015-10-12,1.0,2.0
2015-10-13,1.3333333333333333,3.0
2015-10-14,2.5,8.0
2015-10-15,1.5,8.0
2015-10-16,2.5,8.0
2015-10-17,2.0,6.0
2015-10-18,4.0,1.0
2015-10-19,2.5,4.0
2015-10-20,2.25,8.0
2015-10-21,1.6666666666666667,6.0
2015-10-22,1.6666666666666667,6.0
2015-10-23,2.0,15.0
2015-10-24,3.2,5.0
2015-10-25,2.3333333333333335,6.0
2015-10-26,4.0,2.0
2015-10-27,1.75,8.0
2015-10-28,1.7142857142857142,7.0
2015-10-29,1.6666666666666667,6.0
2015-10-30,2.857142857142857,7.0
2015-10-31,3.3333333333333335,6.0
2015-11-01,2.0,1.0
2015-11-02,2.0,6.0
2015-11-03,2.0,8.0
2015-11-04,2.0,12.0
2015-11-05,3.0,12.0
2015-11-06,2.1538461538461537,13.0
2015-11-07,2.0,3.0
2015-11-08,1.5,4.0
2015-11-09,2.0,3.0
2015-11-10,1.6,5.0
2015-11-11,2.5714285714285716,7.0
2015-11-12,2.0,2.0
2015-11-13,2.5,8.0
2015-11-14,4.0,4.0
2015-11-15,3.0,2.0
2015-11-16,1.6,5.0
2015-11-17,2.0,9.0
2015-11-18,1.7777777777777777,9.0
2015-11-19,3.3333333333333335,3.0
2015-11-20,2.0,4.0
2015-11-21,2.5,4.0
2015-11-22,3.3333333333333335,3.0
2015-11-23,0.0,2.0
2015-11-24,2.0,2.0
2015-11-25,2.6,10.0
2015-11-26,3.0,4.0
2015-11-27,3.0,6.0
2015-11-28,4.0,2.0
2015-11-29,2.6666666666666665,6.0
2015-11-30,2.0,5.0
2015-12-01,2.0,9.0
2015-12-02,1.0,2.0
2015-12-03,2.4,15.0
2015-12-04,1.4,10.0
2015-12-05,1.5,8.0
2015-12-06,1.0,2.0
2015-12-07,2.0,5.0
2015-12-08,2.4,5.0
2015-12-09,1.0,2.0
2015-12-10,2.8,5.0
2015-12-11,2.25,8.0
2015-12-12,1.3846153846153846,13.0
2015-12-13,4.0,4.0
2015-12-14,0.0,3.0
2015-12-15,2.4,5.0
2015-12-16,2.2857142857142856,7.0
2015-12-17,2.0,6.0
2015-12-18,2.0,2.0
2015-12-19,1.6666666666666667,12.0
2015-12-20,1.7142857142857142,7.0
2015-12-21,1.6666666666666667,6.0
2015-12-22,1.75,16.0
2015-12-23,0.0,2.0
2015-12-24,2.0,10.0
2015-12-25,3.5,4.0
2015-12-26,1.0,2.0
2015-12-27,2.0,2.0
2015-12-28,2.0,3.0
2015-12-29,0.0,3.0
2015-12-30,2.4,5.0
2015-12-31,3.0,2.0
2016-01-01,0.0,1.0
2016-01-02,2.25,8.0
2016-01-03,2.0,4.0
2016-01-04,2.0,4.0
2016-01-05,2.2,10.0
2016-01-06,1.875,16.0
2016-01-07,2.1538461538461537,13.0
2016-01-08,1.3333333333333333,24.0
2016-01-09,1.8181818181818181,11.0
2016-01-10,1.6,5.0
2016-01-11,3.125,16.0
2016-01-12,3.0,6.0
2016-01-13,1.5,8.0
2016-01-14,2.1904761904761907,21.0
2016-01-15,1.8571428571428572,14.0
2016-01-16,1.1111111111111112,9.0
2016-01-17,2.0,6.0
2016-01-18,1.7142857142857142,7.0
2016-01-19,2.4705882352941178,17.0
2016-01-20,2.0,7.0
2016-01-21,3.3333333333333335,12.0
2016-01-22,2.909090909090909,11.0
2016-01-23,2.1,20.0
2016-01-24,2.8,5.0
2016-01-25,2.3333333333333335,6.0
2016-01-26,2.0,7.0
2016-01-27,2.0,7.0
2016-01-28,3.3333333333333335,3.0
2016-01-29,2.857142857142857,7.0
2016-01-30,4.0,2.0
2016-01-31,3.0,2.0
2016-02-01,2.3333333333333335,6.0
2016-02-02,3.6,5.0
2016-02-03,1.6,15.0
2016-02-04,1.7142857142857142,14.0
2016-02-05,0.8,5.0
2016-02-06,0.0,1.0
2016-02-07,2.6666666666666665,3.0
2016-02-08,1.6,10.0
2016-02-09,1.5,12.0
2016-02-10,1.6,10.0
2016-02-11,1.1111111111111112,9.0
2016-02-12,2.3076923076923075,13.0
2016-02-13,2.1818181818181817,11.0
2016-02-14,2.4444444444444446,9.0
2016-02-15,1.8461538461538463,13.0
2016-02-16,1.6666666666666667,6.0
2016-02-17,2.25,8.0
2016-02-18,1.6,10.0
2016-02-19,2.3333333333333335,6.0
2016-02-20,1.8666666666666667,15.0
2016-02-21,2.0,5.0
2016-02-22,1.0,2.0
2016-02-23,2.5,8.0
2016-02-24,2.6,10.0
2016-02-25,2.0,10.0
2016-02-26,1.3333333333333333,3.0
2016-02-27,1.0,4.0
2016-02-28,2.6666666666666665,9.0
2016-02-29,2.0,4.0
2016-03-01,2.2666666666666666,15.0
2016-03-02,1.8,10.0
2016-03-03,2.0,4.0
2016-03-04,2.25,8.0
2016-03-05,1.0,6.0
2016-03-06,1.7142857142857142,7.0
2016-03-07,1.6,5.0
2016-03-08,1.6666666666666667,6.0
2016-03-09,1.1111111111111112,9.0
2016-03-10,2.5,4.0
2016-03-11,2.4,5.0
2016-03-12,4.0,1.0
2016-03-13,2.6666666666666665,3.0
2016-03-14,2.0588235294117645,34.0
2016-03-15,2.8,10.0
2016-03-16,2.5,4.0
2016-03-17,0.0,2.0
2016-03-18,1.3846153846153846,13.0
2016-03-19,4.0,4.0
2016-03-20,2.0,2.0
2016-03-21,2.2222222222222223,9.0
2016-03-22,2.0,8.0
2016-03-23,2.0,6.0
2016-03-24,2.4,5.0
2016-03-25,2.5,4.0
2016-03-26,3.0,2.0
2016-03-27,2.0,6.0
2016-03-28,2.5,4.0
2016-03-29,1.0,8.0
2016-03-30,1.6,5.0
2016-03-31,1.6666666666666667,6.0
2016-04-01,3.272727272727273,11.0
2016-04-02,3.3333333333333335,6.0
2016-04-03,2.533333333333333,15.0
2016-04-04,1.8461538461538463,13.0
2016-04-05,2.125,16.0
2016-04-06,2.0869565217391304,23.0
2016-04-07,2.0,30.0
2016-04-08,2.3076923076923075,13.0
2016-04-09,2.25,16.0
2016-04-10,2.4444444444444446,9.0
2016-04-11,2.2222222222222223,9.0
2016-04-12,2.1818181818181817,11.0
2016-04-13,1.6296296296296295,27.0
2016-04-14,2.0,35.0
2016-04-15,1.8,10.0
2016-04-16,2.25,8.0
2016-04-17,1.3333333333333333,3.0
2016-04-18,2.0,4.0
2016-04-19,1.7142857142857142,7.0
2016-04-20,1.0,6.0
2016-04-21,1.2,5.0
2016-04-22,2.0,5.0
2016-04-23,2.5,4.0
2016-04-24,2.0,2.0
2016-04-25,1.619047619047619,21.0
2016-04-26,2.0,4.0
2016-04-27,1.75,8.0
2016-04-28,2.6666666666666665,6.0
2016-04-29,1.7777777777777777,9.0
2016-04-30,1.0,4.0
2016-05-01,2.6666666666666665,3.0
2016-05-02,4.0,1.0
2016-05-03,2.25,8.0
2016-05-04,1.2,5.0
2016-05-05,2.0,2.0
2016-05-06,2.0,9.0
2016-05-07,1.6,5.0
2016-05-08,2.0,1.0
2016-05-09,0.0,1.0
2016-05-10,2.0,6.0
2016-05-11,1.6,10.0
2016-05-12,2.0,4.0
2016-05-13,0.6666666666666666,6.0
2016-05-14,0.4,5.0
2016-05-15,3.3333333333333335,9.0
2016-05-16,0.0,2.0
2016-05-17,2.0,4.0
2016-05-18,2.6666666666666665,15.0
2016-05-19,2.909090909090909,11.0
2016-05-20,2.75,8.0
2016-05-21,2.6666666666666665,6.0
2016-05-22,2.888888888888889,9.0
2016-05-23,2.6666666666666665,3.0
2016-05-24,2.25,8.0
2016-05-25,1.0,6.0
2016-05-26,2.0,15.0
2016-05-27,1.4666666666666666,15.0
2016-05-28,2.0,3.0
2016-05-29,1.6666666666666667,6.0
2016-05-30,2.3076923076923075,26.0
2016-05-31,2.0,9.0
2016-06-01,1.0,2.0
2016-06-02,2.6666666666666665,6.0
2016-06-03,1.8461538461538463,13.0
2016-06-04,2.0,6.0
2016-06-05,1.5,4.0
2016-06-06,1.619047619047619,21.0
2016-06-07,1.3333333333333333,12.0
2016-06-08,1.0,2.0
2016-06-09,1.0,2.0
2016-06-10,4.0,2.0
2016-06-11,2.0,9.0
2016-06-12,0.6666666666666666,3.0
2016-06-13,2.5,4.0
2016-06-14,4.0,4.0
2016-06-15,0.75,8.0
2016-06-16,1.6666666666666667,6.0
2016-06-17,2.0,2.0
2016-06-18,2.0,5.0
2016-06-20,2.0,6.0
2016-06-21,0.6666666666666666,3.0
2016-06-22,2.5,8.0
2016-06-23,1.6363636363636365,11.0
2016-06-24,2.2857142857142856,14.0
2016-06-25,2.2666666666666666,15.0
2016-06-26,1.5,12.0
2016-06-27,2.5555555555555554,18.0
2016-06-28,1.8333333333333333,24.0
2016-06-29,1.4285714285714286,7.0
2016-06-30,2.2666666666666666,15.0
2016-07-01,2.2222222222222223,9.0
2016-07-02,2.2222222222222223,9.0
2016-07-03,1.0,8.0
2016-07-04,3.0,2.0
2016-07-05,2.0,5.0
2016-07-06,2.0,2.0
2016-07-07,2.0,2.0
2016-07-08,2.0,4.0
2016-07-09,2.5,4.0
2016-07-10,2.0,9.0
2016-07-11,1.4545454545454546,11.0
2016-07-12,1.2,10.0
2016-07-13,2.1666666666666665,24.0
2016-07-14,2.0416666666666665,48.0
2016-07-15,2.7,20.0
2016-07-16,2.25,8.0
2016-07-17,2.0,3.0
2016-07-18,2.1333333333333333,15.0
2016-07-19,2.0,4.0
2016-07-20,2.25,8.0
2016-07-21,3.0,8.0
2016-07-22,1.5,4.0
2016-07-23,2.0,4.0
2016-07-24,2.5,4.0
2016-07-25,3.3333333333333335,6.0
2016-07-26,2.2,10.0
2016-07-27,0.6666666666666666,3.0
2016-07-28,1.3333333333333333,3.0
2016-07-29,4.0,1.0
2016-07-30,2.0,3.0
2016-07-31,0.0,1.0
2016-08-01,1.7142857142857142,7.0
2016-08-02,1.4285714285714286,7.0
2016-08-03,0.3333333333333333,6.0
2016-08-04,2.25,8.0
2016-08-05,1.3333333333333333,6.0
2016-08-06,1.7142857142857142,7.0
2016-08-07,3.3333333333333335,3.0
2016-08-08,4.0,3.0
2016-08-09,3.0,6.0
2016-08-10,4.0,3.0
2016-08-11,2.4,5.0
2016-08-12,0.4,5.0
2016-08-13,0.0,3.0
2016-08-14,2.0,3.0
2016-08-15,4.0,2.0
2016-08-16,2.3333333333333335,6.0
2016-08-17,2.0,9.0
2016-08-18,2.25,8.0
2016-08-19,2.0,1.0
2016-08-20,1.4285714285714286,7.0
2016-08-22,1.0,6.0
2016-08-23,2.1176470588235294,17.0
2016-08-24,2.0,3.0
2016-08-25,3.5,4.0
2016-08-26,1.6666666666666667,6.0
2016-08-27,1.7142857142857142,7.0
2016-08-28,1.7142857142857142,7.0
2016-08-29,1.5,8.0
2016-08-30,2.5714285714285716,7.0
2016-08-31,1.3333333333333333,3.0
2016-09-01,1.75,8.0
2016-09-02,1.5,8.0
2016-09-03,1.75,16.0
2016-09-04,1.3333333333333333,9.0
2016-09-05,0.8571428571428571,7.0
2016-09-06,1.6,5.0
2016-09-07,2.2,10.0
2016-09-08,2.6666666666666665,9.0
2016-09-09,2.0,8.0
2016-09-10,2.0,1.0
2016-09-11,2.0,5.0
2016-09-12,2.6666666666666665,3.0
2016-09-13,2.6153846153846154,13.0
2016-09-14,1.7777777777777777,9.0
2016-09-15,2.5454545454545454,11.0
2016-09-16,2.2,10.0
2016-09-17,1.5,4.0
2016-09-18,2.3333333333333335,6.0
2016-09-19,1.826086956521739,23.0
2016-09-20,2.3333333333333335,12.0
2016-09-21,2.0,14.0
2016-09-22,2.533333333333333,15.0
2016-09-23,1.4166666666666667,24.0
2016-09-24,1.75,8.0
2016-09-25,1.25,8.0
2016-09-26,2.3333333333333335,6.0
2016-09-27,1.5,4.0
2016-09-28,1.5,4.0
2016-09-29,2.5,12.0
2016-09-30,1.8333333333333333,12.0
2016-10-01,3.0,14.0
2016-10-02,3.0,4.0
2016-10-03,2.8,5.0
2016-10-04,2.0,5.0
2016-10-05,2.0,9.0
2016-10-06,1.4444444444444444,18.0
2016-10-07,2.0,9.0
2016-10-08,2.1666666666666665,12.0
2016-10-09,2.0,8.0
2016-10-10,1.8333333333333333,12.0
2016-10-11,2.0,11.0
2016-10-12,1.2,10.0
2016-10-13,2.0,15.0
2016-10-14,2.129032258064516,31.0
2016-10-15,1.5714285714285714,14.0
2016-10-16,2.4,5.0
2016-10-17,2.3333333333333335,6.0
2016-10-18,2.533333333333333,15.0
2016-10-19,1.5,4.0
2016-10-20,1.8,10.0
2016-10-21,2.4,10.0
2016-10-22,3.0,6.0
2016-10-23,2.0,3.0
2016-10-24,2.6666666666666665,6.0
2016-10-25,1.6666666666666667,6.0
2016-10-26,2.0,2.0
2016-10-27,1.5,8.0
2016-10-28,2.25,8.0
2016-10-29,1.5,4.0
2016-10-30,1.6,5.0
2016-10-31,3.3333333333333335,3.0
2016-11-01,1.2380952380952381,21.0
2016-11-02,2.2,10.0
2016-11-03,1.0,14.0
2016-11-04,2.2222222222222223,9.0
2016-11-05,1.5,4.0
2016-11-06,1.2,5.0
2016-11-07,1.0,4.0
2016-11-08,2.6666666666666665,3.0
2016-11-09,1.5,4.0
2016-11-10,2.5,8.0
2016-11-11,2.0606060606060606,33.0
2016-11-12,2.0,6.0
2016-11-13,3.5,4.0
2016-11-14,2.6666666666666665,3.0
2016-11-15,2.1818181818181817,11.0
2016-11-16,1.3333333333333333,3.0
2016-11-17,2.5,8.0
2016-11-18,1.7142857142857142,7.0
2016-11-19,1.2,5.0
2016-11-20,1.5,4.0
2016-11-21,4.0,4.0
2016-11-22,1.75,8.0
2016-11-23,3.5,4.0
2016-11-24,1.6923076923076923,13.0
2016-11-25,2.4,5.0
2016-11-26,2.0,3.0
2016-11-27,1.2,5.0
2016-11-28,2.0,5.0
2016-11-29,1.5,8.0
2016-11-30,1.6,5.0
2016-12-01,2.0,6.0
2016-12-02,1.3333333333333333,6.0
2016-12-03,1.75,8.0
2016-12-04,2.2857142857142856,7.0
2016-12-05,3.0,4.0
2016-12-06,1.75,8.0
2016-12-07,1.2,10.0
2016-12-08,2.375,16.0
2016-12-09,3.0,2.0
2016-12-10,2.857142857142857,7.0
2016-12-11,2.2,10.0
2016-12-12,1.7142857142857142,7.0
2016-12-13,3.3333333333333335,6.0
2016-12-14,1.0,2.0
2016-12-15,2.6666666666666665,3.0
2016-12-16,2.8333333333333335,12.0
2016-12-17,2.3333333333333335,6.0
2016-12-18,3.0,2.0
2016-12-19,2.0,5.0
2016-12-20,2.0,6.0
2016-12-21,2.0,12.0
2016-12-22,2.0,6.0
2016-12-23,1.4285714285714286,14.0
2016-12-24,2.2222222222222223,9.0
2016-12-25,1.4285714285714286,7.0
2016-12-26,1.6666666666666667,6.0
2016-12-27,0.8,5.0
2016-12-28,3.3333333333333335,9.0
2016-12-30,2.0,2.0
2016-12-31,0.5,8.0
2017-01-01,0.6666666666666666,3.0
2017-01-02,3.3333333333333335,3.0
2017-01-03,2.6666666666666665,6.0
2017-01-04,2.0,6.0
2017-01-05,2.0,17.0
2017-01-06,1.5,8.0
2017-01-07,2.25,8.0
2017-01-08,1.75,8.0
2017-01-09,1.8181818181818181,11.0
2017-01-10,2.235294117647059,17.0
2017-01-11,1.7647058823529411,17.0
2017-01-12,1.8571428571428572,14.0
2017-01-13,1.7142857142857142,28.0
2017-01-14,1.6,5.0
2017-01-15,2.25,8.0
2017-01-16,2.0,8.0
2017-01-17,2.3333333333333335,6.0
2017-01-18,2.6666666666666665,3.0
2017-01-19,1.6666666666666667,12.0
2017-01-20,2.4,5.0
2017-01-21,3.0,4.0
2017-01-22,3.5,4.0
2017-01-23,3.5,4.0
2017-01-24,2.0,3.0
2017-01-25,1.6,15.0
2017-01-26,2.111111111111111,18.0
2017-01-27,2.4,5.0
2017-01-28,0.6666666666666666,3.0
2017-01-29,2.5,4.0
2017-01-30,2.0,3.0
2017-01-31,2.0,4.0
2017-02-01,2.0,4.0
2017-02-02,0.8,5.0
2017-02-03,2.0,9.0
2017-02-04,2.4444444444444446,18.0
2017-02-05,2.0,8.0
2017-02-06,2.0,7.0
2017-02-07,2.0,6.0
2017-02-08,1.6,10.0
2017-02-09,1.3333333333333333,3.0
2017-02-10,1.8181818181818181,11.0
2017-02-11,2.2857142857142856,14.0
2017-02-12,2.8,5.0
2017-02-13,1.3333333333333333,6.0
2017-02-14,2.0,13.0
2017-02-15,2.0,8.0
2017-02-16,2.5714285714285716,7.0
2017-02-17,1.0909090909090908,11.0
2017-02-18,2.0,4.0
2017-02-19,3.3333333333333335,6.0
2017-02-20,2.4,10.0
2017-02-21,1.6923076923076923,13.0
2017-02-22,2.6666666666666665,3.0
2017-02-23,2.5,12.0
2017-02-24,1.7333333333333334,15.0
2017-02-25,1.75,8.0
2017-02-27,2.0,7.0
2017-02-28,1.6,15.0
2017-03-01,3.2,5.0
2017-03-02,2.8,5.0
2017-03-03,2.769230769230769,13.0
2017-03-04,2.2857142857142856,7.0
2017-03-05,2.0,3.0
2017-03-06,2.5,12.0
2017-03-07,3.142857142857143,7.0
2017-03-08,2.2,10.0
2017-03-09,1.8181818181818181,11.0
2017-03-10,1.6,5.0
2017-03-11,2.5714285714285716,7.0
2017-03-12,2.1333333333333333,15.0
2017-03-13,1.3846153846153846,13.0
2017-03-14,2.1666666666666665,12.0
2017-03-15,2.0,5.0
2017-03-16,1.4,10.0
2017-03-17,2.3333333333333335,6.0
2017-03-18,1.7142857142857142,7.0
2017-03-19,3.0,6.0
2017-03-20,0.8,5.0
2017-03-21,1.5,12.0
2017-03-22,1.2,10.0
2017-03-23,1.1111111111111112,9.0
2017-03-24,2.3636363636363638,11.0
2017-03-25,2.8,5.0
2017-03-26,1.5555555555555556,9.0
2017-03-27,2.0,5.0
2017-03-28,2.0,5.0
2017-03-29,2.0,11.0
2017-03-30,2.1818181818181817,11.0
2017-03-31,2.6666666666666665,6.0
2017-04-01,2.6666666666666665,3.0
2017-04-02,1.5555555555555556,9.0
2017-04-03,1.6363636363636365,11.0
2017-04-04,2.4,5.0
2017-04-05,2.375,16.0
2017-04-06,2.8,10.0
2017-04-07,3.2,5.0
2017-04-08,1.75,8.0
2017-04-09,3.2,5.0
2017-04-10,1.5555555555555556,9.0
2017-04-11,1.1428571428571428,7.0
2017-04-12,2.533333333333333,15.0
2017-04-13,1.9583333333333333,48.0
2017-04-14,2.1818181818181817,11.0
2017-04-15,2.4,10.0
2017-04-16,3.111111111111111,9.0
2017-04-17,2.0,16.0
2017-04-18,2.1666666666666665,12.0
2017-04-19,1.7894736842105263,19.0
2017-04-20,2.2222222222222223,9.0
2017-04-21,2.2857142857142856,7.0
2017-04-22,2.5714285714285716,7.0
2017-04-23,2.0,4.0
2017-04-24,1.1764705882352942,17.0
2017-04-25,1.0,12.0
2017-04-26,1.25,16.0
2017-04-27,2.5454545454545454,11.0
2017-04-28,1.25,8.0
2017-04-29,2.0,4.0
2017-04-30,2.6363636363636362,22.0
2017-05-01,2.727272727272727,11.0
2017-05-02,2.8,10.0
2017-05-03,2.4,10.0
2017-05-04,2.2142857142857144,28.0
2017-05-05,2.0,4.0
2017-05-06,2.0,3.0
2017-05-07,1.2,5.0
2017-05-08,2.5,4.0
2017-05-09,3.0,6.0
2017-05-10,1.6666666666666667,6.0
2017-05-11,1.0,10.0
2017-05-12,2.0,1.0
2017-05-13,2.5,8.0
2017-05-14,2.5,12.0
2017-05-15,2.0,4.0
2017-05-16,3.0,6.0
2017-05-17,2.0,21.0
2017-05-18,2.4444444444444446,9.0
2017-05-19,1.4545454545454546,11.0
2017-05-20,2.0,2.0
2017-05-21,2.0,6.0
2017-05-22,2.769230769230769,13.0
2017-05-23,2.3,20.0
2017-05-24,1.5,4.0
2017-05-25,2.1333333333333333,15.0
2017-05-26,2.8333333333333335,12.0
2017-05-27,2.2222222222222223,9.0
2017-05-28,1.7777777777777777,9.0
2017-05-29,2.2666666666666666,15.0
2017-05-30,1.0,4.0
2017-05-31,1.625,16.0
2017-06-01,1.8571428571428572,14.0
2017-06-02,2.4444444444444446,9.0
2017-06-03,2.6666666666666665,6.0
2017-06-04,1.4285714285714286,7.0
2017-06-05,1.7142857142857142,7.0
2017-06-06,3.4285714285714284,7.0
2017-06-07,2.0,11.0
2017-06-08,2.1538461538461537,13.0
2017-06-09,1.6363636363636365,11.0
2017-06-10,2.4,10.0
2017-06-11,0.8571428571428571,7.0
2017-06-12,0.3333333333333333,6.0
2017-06-13,1.4375,32.0
2017-06-14,1.6923076923076923,13.0
2017-06-15,2.0,10.0
2017-06-16,1.8181818181818181,11.0
2017-06-17,2.5,4.0
2017-06-18,1.7142857142857142,7.0
2017-06-19,2.75,8.0
2017-06-20,2.6,10.0
2017-06-21,2.2,10.0
2017-06-22,2.6666666666666665,3.0
2017-06-23,1.4285714285714286,7.0
2017-06-24,0.0,3.0
2017-06-25,2.6666666666666665,3.0
2017-06-26,1.5,8.0
2017-06-27,1.2941176470588236,17.0
2017-06-28,1.6,10.0
2017-06-29,1.8333333333333333,12.0
2017-06-30,2.142857142857143,14.0
2017-07-01,1.4,10.0
2017-07-02,2.6666666666666665,3.0
2017-07-03,3.142857142857143,7.0
2017-07-04,1.6666666666666667,12.0
2017-07-05,2.0,2.0
2017-07-06,1.7777777777777777,18.0
2017-07-07,1.8461538461538463,13.0
2017-07-08,1.8181818181818181,11.0
2017-07-09,2.2857142857142856,7.0
2017-07-10,2.0,22.0
2017-07-11,1.8888888888888888,18.0
2017-07-12,1.6521739130434783,23.0
2017-07-13,2.4285714285714284,14.0
2017-07-14,2.5714285714285716,28.0
2017-07-15,2.342857142857143,35.0
2017-07-16,1.5384615384615385,13.0
2017-07-17,2.4615384615384617,13.0
2017-07-18,2.7777777777777777,18.0
2017-07-19,1.6,15.0
2017-07-20,2.142857142857143,14.0
2017-07-21,2.2857142857142856,14.0
2017-07-22,2.6,10.0
2017-07-23,3.3333333333333335,3.0
2017-07-24,2.0,7.0
2017-07-25,2.0,18.0
2017-07-26,1.6470588235294117,17.0
2017-07-27,2.2857142857142856,7.0
2017-07-28,2.0,22.0
2017-07-29,3.0,2.0
2017-07-30,1.3333333333333333,3.0
2017-07-31,1.7777777777777777,9.0
2017-08-01,1.0,12.0
2017-08-02,2.0,6.0
2017-08-03,1.75,16.0
2017-08-04,2.4,5.0
2017-08-05,2.0,4.0
2017-08-06,2.6666666666666665,3.0
2017-08-07,2.0,6.0
2017-08-08,2.6666666666666665,9.0
2017-08-09,3.3333333333333335,3.0
2017-08-10,2.0,5.0
2017-08-11,1.2,5.0
2017-08-12,2.5,4.0
2017-08-13,2.3333333333333335,6.0
2017-08-14,2.1666666666666665,12.0
2017-08-15,1.75,8.0
2017-08-16,1.3333333333333333,9.0
2017-08-17,1.6666666666666667,6.0
2017-08-18,0.8888888888888888,9.0
2017-08-19,1.5,8.0
2017-08-20,1.6666666666666667,6.0
2017-08-21,2.5,8.0
2017-08-22,0.6666666666666666,9.0
2017-08-23,2.3333333333333335,6.0
2017-08-24,2.3333333333333335,6.0
2017-08-25,2.3333333333333335,6.0
2017-08-26,1.3333333333333333,3.0
2017-08-27,4.0,3.0
2017-08-28,1.6,10.0
2017-08-29,2.1818181818181817,11.0
2017-08-30,2.1538461538461537,13.0
2017-08-31,2.0,5.0
2017-09-01,2.8,10.0
2017-09-02,3.5,4.0
2017-09-03,1.5,4.0
2017-09-04,2.4285714285714284,14.0
2017-09-05,1.6666666666666667,6.0
2017-09-06,1.75,16.0
2017-09-07,1.9130434782608696,23.0
2017-09-08,2.75,16.0
2017-09-09,1.3333333333333333,3.0
2017-09-10,1.0,2.0
2017-09-11,1.0,4.0
2017-09-12,1.7142857142857142,7.0
2017-09-13,2.2333333333333334,120.0
2017-09-14,2.0481927710843375,83.0
2017-09-15,1.5,32.0
2017-09-16,2.0987654320987654,81.0
2017-09-17,1.8360655737704918,61.0
2017-09-18,2.2,30.0
2017-09-19,2.375,32.0
2017-09-20,2.3783783783783785,37.0
2017-09-21,1.9047619047619047,21.0
2017-09-22,2.206896551724138,29.0
2017-09-23,1.4545454545454546,22.0
2017-09-24,1.8181818181818181,11.0
2017-09-25,2.0,12.0
2017-09-26,1.8461538461538463,13.0
2017-09-27,2.4347826086956523,23.0
2017-09-28,2.3076923076923075,13.0
2017-09-29,1.6666666666666667,24.0
2017-09-30,2.3636363636363638,11.0
2017-10-01,2.3333333333333335,6.0
2017-10-02,2.0,4.0
2017-10-03,2.0,18.0
2017-10-04,1.6,20.0
2017-10-05,2.125,16.0
2017-10-06,1.9,20.0
2017-10-07,2.526315789473684,19.0
2017-10-08,2.6363636363636362,22.0
2017-10-09,2.0,9.0
2017-10-10,1.5454545454545454,22.0
2017-10-11,2.380952380952381,21.0
2017-10-12,1.6428571428571428,28.0
2017-10-13,2.4615384615384617,26.0
2017-10-14,1.9230769230769231,26.0
2017-10-15,1.5555555555555556,9.0
2017-10-16,1.2727272727272727,11.0
2017-10-17,1.8666666666666667,15.0
2017-10-18,2.1538461538461537,26.0
2017-10-19,1.6666666666666667,18.0
2017-10-20,1.5,20.0
2017-10-21,1.6296296296296295,27.0
2017-10-22,1.4285714285714286,7.0
2017-10-23,1.5294117647058822,17.0
2017-10-24,2.2222222222222223,9.0
2017-10-25,2.4,15.0
2017-10-26,2.235294117647059,17.0
2017-10-27,1.5,16.0
2017-10-28,2.142857142857143,14.0
2017-10-29,1.2,5.0
2017-10-30,2.8,10.0
2017-10-31,1.6842105263157894,19.0
2017-11-01,1.8571428571428572,14.0
2017-11-02,2.08,25.0
2017-11-03,2.5555555555555554,18.0
2017-11-04,2.533333333333333,15.0
2017-11-05,2.0,19.0
2017-11-06,2.235294117647059,17.0
2017-11-07,1.619047619047619,21.0
2017-11-08,2.0,21.0
2017-11-09,1.0909090909090908,11.0
2017-11-10,2.3333333333333335,6.0
2017-11-11,2.0,15.0
2017-11-12,1.5,12.0
2017-11-13,2.4444444444444446,18.0
2017-11-14,2.5454545454545454,11.0
2017-11-15,2.0,12.0
2017-11-16,2.6666666666666665,9.0
2017-11-17,2.2857142857142856,7.0
2017-11-18,2.5,12.0
2017-11-19,3.0,6.0
2017-11-20,2.2857142857142856,14.0
2017-11-21,2.6,10.0
2017-11-22,2.3,20.0
2017-11-23,2.75,8.0
2017-11-24,2.5,4.0
2017-11-25,2.1666666666666665,12.0
2017-11-26,1.3333333333333333,6.0
2017-11-27,2.5714285714285716,7.0
2017-11-28,1.8,20.0
2017-11-29,1.8095238095238095,21.0
2017-11-30,1.8095238095238095,21.0
2017-12-01,2.0,22.0
2017-12-02,1.875,32.0
2017-12-03,2.0,11.0
2017-12-04,2.121212121212121,33.0
2017-12-05,1.76,25.0
2017-12-06,1.7037037037037037,27.0
2017-12-07,2.0,14.0
2017-12-08,1.9375,32.0
2017-12-09,1.75,16.0
2017-12-10,1.8,10.0
2017-12-11,2.2,10.0
2017-12-12,1.4,10.0
2017-12-13,2.3076923076923075,13.0
2017-12-14,1.9,20.0
2017-12-15,2.3529411764705883,17.0
2017-12-16,1.4285714285714286,7.0
2017-12-17,3.111111111111111,9.0
2017-12-18,1.8461538461538463,13.0
2017-12-19,2.142857142857143,14.0
2017-12-20,2.0,13.0
2017-12-21,2.5555555555555554,18.0
2017-12-22,1.2857142857142858,14.0
2017-12-23,2.235294117647059,17.0
2017-12-24,2.1666666666666665,12.0
2017-12-25,1.5,4.0
2017-12-26,2.8,5.0
2017-12-27,2.6666666666666665,9.0
2017-12-28,2.0,13.0
2017-12-29,1.6666666666666667,6.0
2017-12-30,1.6,10.0
2017-12-31,2.0,8.0
2018-01-01,3.0,4.0
2018-01-02,2.1333333333333333,15.0
2018-01-03,2.235294117647059,17.0
2018-01-04,2.1818181818181817,22.0
2018-01-05,1.6666666666666667,30.0
2018-01-06,1.7333333333333334,15.0
2018-01-07,1.7333333333333334,15.0
2018-01-08,3.076923076923077,13.0
2018-01-09,1.8235294117647058,34.0
2018-01-10,1.2121212121212122,33.0
2018-01-11,1.4782608695652173,23.0
2018-01-12,2.0384615384615383,52.0
2018-01-13,2.0,14.0
2018-01-14,1.75,8.0
2018-01-15,1.7777777777777777,9.0
2018-01-16,2.1538461538461537,26.0
2018-01-17,1.9166666666666667,24.0
2018-01-18,2.4444444444444446,18.0
2018-01-19,1.5,8.0
2018-01-20,2.4444444444444446,9.0
2018-01-21,0.0,2.0
2018-01-22,2.8333333333333335,12.0
2018-01-23,2.4,20.0
2018-01-24,1.75,56.0
2018-01-25,2.0714285714285716,28.0
2018-01-26,1.2307692307692308,13.0
2018-01-27,1.0,4.0
2018-01-28,2.3333333333333335,12.0
2018-01-29,2.0,31.0
2018-01-30,1.9782608695652173,92.0
2018-01-31,1.5609756097560976,82.0
2018-02-01,1.7692307692307692,26.0
2018-02-02,2.6923076923076925,26.0
2018-02-03,1.6,15.0
2018-02-04,1.7142857142857142,28.0
2018-02-05,2.4761904761904763,21.0
2018-02-06,1.7777777777777777,18.0
2018-02-07,2.5,12.0
2018-02-08,1.4666666666666666,15.0
2018-02-09,2.869565217391304,23.0
2018-02-10,2.5555555555555554,18.0
2018-02-11,0.0,1.0
2018-02-12,1.3333333333333333,18.0
2018-02-13,2.0625,32.0
2018-02-14,1.8571428571428572,14.0
2018-02-15,2.4347826086956523,23.0
2018-02-16,1.619047619047619,21.0
2018-02-17,1.5555555555555556,9.0
2018-02-18,2.0,4.0
2018-02-19,0.6,10.0
2018-02-20,2.375,16.0
2018-02-21,0.8333333333333334,12.0
2018-02-22,1.8888888888888888,18.0
2018-02-23,1.6666666666666667,12.0
2018-02-24,2.0,16.0
2018-02-25,0.7692307692307693,13.0
2018-02-26,2.1538461538461537,13.0
2018-02-27,2.857142857142857,14.0
2018-02-28,1.7142857142857142,14.0
2018-03-01,1.6,15.0
2018-03-02,1.6842105263157894,19.0
2018-03-03,2.3636363636363638,11.0
2018-03-04,1.7142857142857142,7.0
2018-03-05,1.3846153846153846,13.0
2018-03-06,2.608695652173913,23.0
2018-03-07,1.6666666666666667,6.0
2018-03-08,2.1538461538461537,26.0
2018-03-09,2.0,12.0
2018-03-10,2.0,14.0
2018-03-11,1.5555555555555556,9.0
2018-03-12,2.0,16.0
2018-03-13,2.3076923076923075,13.0
2018-03-14,2.769230769230769,13.0
2018-03-15,1.8181818181818181,22.0
2018-03-16,1.8181818181818181,33.0
2018-03-17,2.4285714285714284,14.0
2018-03-18,2.5714285714285716,7.0
2018-03-19,1.7333333333333334,15.0
2018-03-20,2.2,10.0
2018-03-21,2.0,10.0
2018-03-22,1.8571428571428572,14.0
2018-03-23,2.5714285714285716,21.0
2018-03-24,2.1176470588235294,17.0
2018-03-25,1.2,5.0
2018-03-26,2.6,10.0
2018-03-27,2.2857142857142856,14.0
2018-03-28,2.142857142857143,14.0
2018-03-29,2.1538461538461537,13.0
2018-03-30,2.1333333333333333,15.0
2018-03-31,1.3333333333333333,6.0
2018-04-01,2.0,3.0
2018-04-02,1.8,10.0
2018-04-03,2.0952380952380953,21.0
2018-04-04,1.7647058823529411,17.0
2018-04-05,1.8666666666666667,15.0
2018-04-06,2.0,16.0
2018-04-07,2.142857142857143,14.0
2018-04-08,2.1176470588235294,17.0
2018-04-09,2.0,11.0
2018-04-10,2.25,24.0
2018-04-11,2.1818181818181817,11.0
2018-04-12,1.9375,32.0
2018-04-13,2.0,89.0
2018-04-14,2.0,47.0
2018-04-15,2.4,15.0
2018-04-16,2.727272727272727,11.0
2018-04-17,2.3636363636363638,11.0
2018-04-18,2.0952380952380953,21.0
2018-04-19,2.4,20.0
2018-04-20,2.3333333333333335,18.0
2018-04-21,2.0,20.0
2018-04-22,2.1666666666666665,12.0
2018-04-23,2.0,12.0
2018-04-24,2.533333333333333,15.0
2018-04-25,2.1666666666666665,12.0
2018-04-26,2.0,16.0
2018-04-27,1.5384615384615385,13.0
2018-04-28,2.0,9.0
2018-04-29,1.2,10.0
2018-04-30,1.4545454545454546,22.0
2018-05-01,2.2,10.0
2018-05-02,2.8,10.0
2018-05-03,2.2666666666666666,15.0
2018-05-04,2.3636363636363638,11.0
2018-05-05,1.8461538461538463,13.0
2018-05-06,1.8,10.0
2018-05-07,2.0,8.0
2018-05-08,2.4285714285714284,14.0
2018-05-09,1.8181818181818181,11.0
2018-05-10,1.9047619047619047,21.0
2018-05-11,2.0,11.0
2018-05-12,2.0,11.0
2018-05-13,1.5384615384615385,13.0
2018-05-14,2.3333333333333335,18.0
2018-05-15,1.0,8.0
2018-05-16,2.2857142857142856,7.0
2018-05-17,1.5714285714285714,14.0
2018-05-18,1.5714285714285714,14.0
2018-05-19,2.2857142857142856,7.0
2018-05-20,2.5,4.0
2018-05-21,3.0,4.0
2018-05-22,2.0,4.0
2018-05-23,2.0,11.0
2018-05-24,1.84,25.0
2018-05-25,2.0869565217391304,23.0
2018-05-26,2.625,16.0
2018-05-27,2.3076923076923075,13.0
2018-05-28,1.8181818181818181,11.0
2018-05-29,2.0,6.0
2018-05-30,1.9024390243902438,41.0
2018-05-31,1.696969696969697,33.0
2018-06-01,1.894736842105263,19.0
2018-06-02,2.3333333333333335,12.0
2018-06-03,2.3333333333333335,6.0
2018-06-04,1.8,10.0
2018-06-05,1.8181818181818181,11.0
2018-06-06,1.8888888888888888,18.0
2018-06-07,2.2777777777777777,36.0
2018-06-08,1.878787878787879,33.0
2018-06-09,2.090909090909091,22.0
2018-06-10,1.5,12.0
2018-06-11,2.8,5.0
2018-06-12,2.2,20.0
2018-06-13,1.5294117647058822,17.0
2018-06-14,1.793103448275862,29.0
2018-06-15,1.619047619047619,21.0
2018-06-16,2.2857142857142856,7.0
2018-06-17,2.4615384615384617,26.0
2018-06-18,1.894736842105263,19.0
2018-06-19,2.1739130434782608,23.0
2018-06-20,1.9130434782608696,23.0
2018-06-21,2.1,20.0
2018-06-22,2.0,16.0
2018-06-23,1.6470588235294117,17.0
2018-06-24,2.1666666666666665,24.0
2018-06-25,2.1666666666666665,12.0
2018-06-26,1.7333333333333334,15.0
2018-06-27,0.6666666666666666,12.0
2018-06-28,2.4444444444444446,9.0
2018-06-29,1.696969696969697,33.0
2018-06-30,1.6923076923076923,13.0
2018-07-01,1.7142857142857142,14.0
2018-07-02,2.4,10.0
2018-07-03,1.8823529411764706,17.0
2018-07-04,2.1,20.0
2018-07-05,1.5555555555555556,9.0
2018-07-06,1.7714285714285714,35.0
2018-07-07,1.8461538461538463,13.0
2018-07-08,2.3333333333333335,6.0
2018-07-09,2.2857142857142856,14.0
2018-07-10,2.263157894736842,38.0
2018-07-11,2.4761904761904763,21.0
2018-07-12,1.565217391304348,23.0
2018-07-13,1.8275862068965518,58.0
2018-07-14,1.9047619047619047,21.0
2018-07-15,1.5555555555555556,9.0
2018-07-16,1.8666666666666667,15.0
2018-07-17,1.951219512195122,41.0
2018-07-18,2.375,16.0
2018-07-19,2.0,20.0
2018-07-20,0.8,5.0
2018-07-21,2.1333333333333333,15.0
2018-07-22,1.8,10.0
2018-07-23,1.8518518518518519,27.0
2018-07-24,2.923076923076923,13.0
2018-07-25,2.0,14.0
2018-07-26,1.5,8.0
2018-07-27,2.4210526315789473,19.0
2018-07-28,2.1333333333333333,15.0
2018-07-29,2.5454545454545454,11.0
2018-07-30,1.7142857142857142,7.0
2018-07-31,2.3846153846153846,26.0
2018-08-01,1.5384615384615385,13.0
2018-08-02,1.8461538461538463,13.0
2018-08-03,2.230769230769231,26.0
2018-08-04,3.0,4.0
2018-08-05,1.8,10.0
2018-08-06,1.4545454545454546,11.0
2018-08-07,1.6,10.0
2018-08-08,1.3333333333333333,12.0
2018-08-09,1.8461538461538463,13.0
2018-08-10,1.8571428571428572,14.0
2018-08-11,2.3636363636363638,11.0
2018-08-12,2.2857142857142856,7.0
2018-08-13,1.75,16.0
2018-08-14,2.210526315789474,19.0
2018-08-15,2.3333333333333335,6.0
2018-08-16,2.125,16.0
2018-08-17,2.2222222222222223,9.0
2018-08-18,3.3333333333333335,3.0
2018-08-19,1.5,12.0
2018-08-20,2.2857142857142856,28.0
2018-08-21,2.0588235294117645,34.0
2018-08-22,1.7647058823529411,17.0
2018-08-23,0.9090909090909091,11.0
2018-08-24,2.3076923076923075,13.0
2018-08-25,1.6470588235294117,17.0
2018-08-26,2.0,5.0
2018-08-27,2.5454545454545454,11.0
2018-08-28,1.9230769230769231,26.0
2018-08-29,1.8666666666666667,15.0
2018-08-30,2.6666666666666665,15.0
2018-08-31,1.6,5.0
2018-09-01,2.4,10.0
2018-09-02,2.5,4.0
2018-09-03,3.0,8.0
2018-09-04,1.8,10.0
2018-09-05,1.875,16.0
2018-09-06,1.5555555555555556,18.0
2018-09-07,1.619047619047619,21.0
2018-09-08,2.8333333333333335,12.0
2018-09-09,2.0,8.0
2018-09-10,2.727272727272727,11.0
2018-09-11,3.0,10.0
2018-09-12,1.6521739130434783,23.0
2018-09-13,2.193548387096774,31.0
2018-09-14,2.25,16.0
2018-09-15,1.7142857142857142,7.0
2018-09-16,2.6666666666666665,6.0
2018-09-17,0.9333333333333333,15.0
2018-09-18,2.1,20.0
2018-09-19,1.375,16.0
2018-09-20,3.1818181818181817,22.0
2018-09-21,2.090909090909091,22.0
2018-09-22,1.7,20.0
2018-09-23,2.0,3.0
2018-09-24,2.260869565217391,23.0
2018-09-25,1.7,20.0
2018-09-26,2.08,25.0
2018-09-27,1.6774193548387097,31.0
2018-09-28,2.0,16.0
2018-09-29,1.6296296296296295,27.0
2018-09-30,2.0,11.0
2018-10-01,1.0,20.0
2018-10-02,1.6842105263157894,19.0
2018-10-03,1.5238095238095237,21.0
2018-10-04,1.6981132075471699,53.0
2018-10-05,2.1739130434782608,23.0
2018-10-06,1.4285714285714286,7.0
2018-10-07,1.2727272727272727,11.0
2018-10-08,1.6363636363636365,11.0
2018-10-09,1.9090909090909092,22.0
2018-10-10,2.0,22.0
2018-10-11,2.1052631578947367,19.0
2018-10-12,1.8604651162790697,86.0
2018-10-13,2.4,30.0
2018-10-14,2.1666666666666665,12.0
2018-10-15,1.9333333333333333,30.0
2018-10-16,1.7777777777777777,27.0
2018-10-17,1.8823529411764706,17.0
2018-10-18,2.375,16.0
2018-10-19,2.2,10.0
2018-10-20,2.0,12.0
2018-10-21,0.8571428571428571,7.0
2018-10-22,1.894736842105263,19.0
2018-10-23,2.4210526315789473,19.0
2018-10-24,2.0,14.0
2018-10-25,1.9090909090909092,22.0
2018-10-26,2.5,12.0
2018-10-27,2.0,12.0
2018-10-28,1.0,6.0
2018-10-29,0.0,1.0
2018-10-30,1.92,25.0
2018-10-31,1.8,10.0
2018-11-01,2.1,20.0
2018-11-02,2.0,8.0
2018-11-03,2.0,6.0
2018-11-04,1.3333333333333333,6.0
2018-11-05,1.0,6.0
2018-11-06,2.533333333333333,15.0
2018-11-07,1.5,8.0
2018-11-08,2.3333333333333335,12.0
2018-11-09,1.411764705882353,17.0
2018-11-10,0.0,2.0
2018-11-11,2.8,5.0
2018-11-12,1.6842105263157894,19.0
2018-11-13,2.75,8.0
2018-11-14,1.5555555555555556,9.0
2018-11-15,2.5555555555555554,36.0
2018-11-16,2.0,26.0
2018-11-17,2.857142857142857,14.0
2018-11-18,2.5714285714285716,7.0
2018-11-19,2.923076923076923,13.0
2018-11-20,2.5384615384615383,26.0
2018-11-21,2.4444444444444446,9.0
2018-11-22,2.0,7.0
2018-11-23,1.5,4.0
2018-11-24,2.0,10.0
2018-11-25,0.8,5.0
2018-11-26,4.0,4.0
2018-11-27,2.6666666666666665,9.0
2018-11-28,2.3076923076923075,13.0
2018-11-29,2.588235294117647,17.0
2018-11-30,2.142857142857143,14.0
2018-12-01,0.8888888888888888,9.0
2018-12-02,2.4,5.0
2018-12-03,1.9047619047619047,21.0
2018-12-04,2.1333333333333333,15.0
2018-12-05,1.7037037037037037,27.0
2018-12-06,1.411764705882353,17.0
2018-12-07,2.6666666666666665,6.0
2018-12-08,2.5454545454545454,11.0
2018-12-09,1.0,4.0
2018-12-10,1.4545454545454546,11.0
2018-12-11,2.6666666666666665,12.0
2018-12-12,1.4,10.0
2018-12-13,2.6153846153846154,13.0
2018-12-14,2.1818181818181817,22.0
2018-12-15,1.2,15.0
2018-12-16,2.4,5.0
2018-12-17,3.142857142857143,7.0
2018-12-18,1.5,20.0
2018-12-19,1.5,12.0
2018-12-20,1.75,8.0
2018-12-21,2.2,20.0
2018-12-22,2.25,8.0
2018-12-23,2.727272727272727,11.0
2018-12-24,1.6,15.0
2018-12-25,1.2,10.0
2018-12-26,2.6666666666666665,9.0
2018-12-27,2.2,20.0
2018-12-28,2.1538461538461537,26.0
2018-12-29,2.1666666666666665,12.0
2018-12-30,2.6666666666666665,9.0
2018-12-31,3.3333333333333335,6.0
2019-01-01,2.0,3.0
2019-01-02,1.6666666666666667,6.0
2019-01-03,2.3448275862068964,29.0
2019-01-04,1.375,16.0
2019-01-05,2.25,16.0
2019-01-06,1.6,10.0
2019-01-07,1.8888888888888888,18.0
2019-01-08,1.4736842105263157,19.0
2019-01-09,1.6774193548387097,31.0
2019-01-10,2.0,21.0
2019-01-11,2.206896551724138,29.0
2019-01-12,2.533333333333333,15.0
2019-01-13,2.210526315789474,19.0
2019-01-14,1.9024390243902438,41.0
2019-01-15,1.968503937007874,127.0
2019-01-16,2.206896551724138,58.0
2019-01-17,2.4,25.0
2019-01-18,2.1904761904761907,21.0
2019-01-19,1.7142857142857142,21.0
2019-01-20,1.6,10.0
2019-01-21,2.0,11.0
2019-01-22,2.111111111111111,18.0
2019-01-23,2.5454545454545454,11.0
2019-01-24,1.5555555555555556,18.0
2019-01-25,2.1052631578947367,19.0
2019-01-26,0.9411764705882353,17.0
2019-01-27,2.1538461538461537,26.0
2019-01-28,2.1818181818181817,11.0
2019-01-29,2.9523809523809526,21.0
2019-01-30,2.5,20.0
2019-01-31,1.6,15.0
2019-02-01,2.1538461538461537,13.0
2019-02-02,2.4615384615384617,13.0
2019-02-03,2.8,5.0
2019-02-04,1.7142857142857142,7.0
2019-02-05,1.6923076923076923,26.0
2019-02-06,2.1702127659574466,47.0
2019-02-07,2.0,20.0
2019-02-08,2.1,20.0
2019-02-09,1.7142857142857142,7.0
2019-02-10,3.3333333333333335,3.0
2019-02-11,1.8571428571428572,14.0
2019-02-12,2.5454545454545454,11.0
2019-02-13,2.8,5.0
2019-02-14,1.9885714285714287,175.0
2019-02-15,2.038240917782027,523.0
2019-02-16,2.1142857142857143,280.0
2019-02-17,2.1272727272727274,110.0
2019-02-18,2.1666666666666665,96.0
2019-02-19,2.231578947368421,95.0
2019-02-20,1.7052631578947368,95.0
2019-02-21,2.088888888888889,45.0
2019-02-22,1.694915254237288,59.0
2019-02-23,1.6170212765957446,47.0
2019-02-24,2.260869565217391,23.0
2019-02-25,2.08,25.0
2019-02-26,1.935483870967742,31.0
2019-02-27,2.1739130434782608,69.0
2019-02-28,2.4166666666666665,24.0
2019-03-01,1.6551724137931034,58.0
2019-03-02,1.7777777777777777,63.0
2019-03-03,1.9024390243902438,41.0
2019-03-04,2.210526315789474,38.0
2019-03-05,2.3125,32.0
2019-03-06,2.0,51.0
2019-03-07,1.9285714285714286,84.0
2019-03-08,2.125,48.0
2019-03-09,2.4444444444444446,18.0
2019-03-10,1.25,16.0
2019-03-11,2.0,33.0
2019-03-12,1.7419354838709677,31.0
2019-03-13,2.16,25.0
2019-03-14,1.5,16.0
2019-03-15,1.5,12.0
2019-03-16,2.0,18.0
2019-03-17,1.7333333333333334,15.0
2019-03-18,2.0689655172413794,29.0
2019-03-19,2.3448275862068964,29.0
2019-03-20,2.3157894736842106,19.0
2019-03-21,1.8823529411764706,34.0
2019-03-22,1.4545454545454546,33.0
2019-03-23,2.066666666666667,30.0
2019-03-24,2.2666666666666666,15.0
2019-03-25,1.1666666666666667,24.0
2019-03-26,1.8412698412698412,63.0
2019-03-27,1.9230769230769231,26.0
2019-03-28,2.75,16.0
2019-03-29,2.08,25.0
2019-03-30,1.7777777777777777,27.0
2019-03-31,2.0,8.0
2019-04-01,1.5862068965517242,29.0
2019-04-02,2.5,24.0
2019-04-03,2.311111111111111,45.0
2019-04-04,1.9310344827586208,29.0
2019-04-05,1.803921568627451,51.0
2019-04-06,2.051282051282051,39.0
2019-04-07,2.4,15.0
2019-04-08,2.8,25.0
2019-04-09,2.04,50.0
2019-04-10,1.826086956521739,23.0
2019-04-11,2.0,29.0
2019-04-12,2.0479041916167664,167.0
2019-04-13,2.327272727272727,55.0
2019-04-14,1.826086956521739,23.0
2019-04-15,2.3870967741935485,31.0
2019-04-16,2.2325581395348837,43.0
2019-04-17,1.9166666666666667,24.0
2019-04-18,1.7777777777777777,27.0
2019-04-19,2.0,16.0
2019-04-20,2.4,10.0
2019-04-21,2.0,18.0
2019-04-22,2.5,16.0
2019-04-23,1.7647058823529411,17.0
2019-04-24,1.5833333333333333,24.0
2019-04-25,2.193548387096774,31.0
2019-04-26,2.0,31.0
2019-04-27,2.6153846153846154,13.0
2019-04-28,2.125,16.0
2019-04-29,2.4444444444444446,18.0
2019-04-30,1.6875,32.0
2019-05-01,1.6774193548387097,31.0
2019-05-02,1.4736842105263157,19.0
2019-05-03,1.6842105263157894,19.0
2019-05-04,1.8888888888888888,18.0
2019-05-05,2.0,11.0
2019-05-06,1.4736842105263157,19.0
2019-05-07,2.3333333333333335,12.0
2019-05-08,2.125,16.0
2019-05-09,1.6551724137931034,29.0
2019-05-10,2.4,10.0
2019-05-11,1.25,8.0
2019-05-12,2.4,15.0
2019-05-13,1.8181818181818181,11.0
2019-05-14,1.5384615384615385,13.0
2019-05-15,2.347826086956522,23.0
2019-05-16,1.5714285714285714,28.0
2019-05-17,1.7894736842105263,19.0
2019-05-18,2.0,10.0
2019-05-19,2.0,12.0
2019-05-20,1.76,25.0
2019-05-21,1.6363636363636365,11.0
2019-05-22,2.0,11.0
2019-05-23,2.6666666666666665,6.0
2019-05-24,2.0,17.0
2019-05-25,1.9285714285714286,28.0
2019-05-26,2.6666666666666665,9.0
2019-05-27,1.5555555555555556,9.0
2019-05-28,2.1578947368421053,38.0
2019-05-29,1.8181818181818181,22.0
2019-05-30,2.0,23.0
2019-05-31,1.9285714285714286,28.0
2019-06-01,2.4444444444444446,9.0
2019-06-02,3.0,2.0
2019-06-03,1.4666666666666666,15.0
2019-06-04,2.064516129032258,31.0
2019-06-05,2.4,20.0
2019-06-06,1.4,10.0
2019-06-07,2.076923076923077,26.0
2019-06-08,2.7142857142857144,14.0
2019-06-09,2.25,8.0
2019-06-10,2.2857142857142856,14.0
2019-06-11,2.076923076923077,26.0
2019-06-12,2.0625,32.0
2019-06-13,2.0,25.0
2019-06-14,2.0,17.0
2019-06-15,1.875,16.0
2019-06-16,1.5555555555555556,9.0
2019-06-17,2.0,14.0
2019-06-18,2.08,25.0
2019-06-19,2.1666666666666665,24.0
2019-06-20,2.3333333333333335,18.0
2019-06-21,2.0,13.0
2019-06-22,2.0,18.0
2019-06-23,1.0,8.0
2019-06-24,2.3333333333333335,12.0
2019-06-25,2.191780821917808,73.0
2019-06-26,2.7,20.0
dlo12xn,4.0,1.0
